temperature,humidity,pressure,datetime,pm10,pm2_5,co,no,no2,o3,so2,nh3,aqi,hour,day,month,day_of_week,week_of_year,aqi_change_rate
19.9,67,1011.6,2026-04-17 00:00:00,51.7,43.1,285.0,0.1,36.6,37.0,6.1,,85,0,17,4,4,16,
19.1,73,1012.3,2026-04-17 01:00:00,40.3,32.4,295.0,0.0,23.3,62.0,5.3,,85,1,17,4,4,16,0.0
18.5,79,1012.4,2026-04-17 02:00:00,36.7,20.5,307.0,0.0,13.3,79.0,4.7,,84,2,17,4,4,16,-1.0
17.3,86,1012.3,2026-04-17 03:00:00,33.8,17.9,303.0,0.0,10.0,80.0,4.2,,83,3,17,4,4,16,-1.0
16.9,87,1012.0,2026-04-17 04:00:00,33.4,18.3,301.0,0.0,10.0,72.0,3.8,,81,4,17,4,4,16,-2.0
18.3,86,1011.4,2026-04-17 05:00:00,32.5,22.0,299.0,0.0,15.5,44.0,3.7,,80,5,17,4,4,16,-1.0
18.5,85,1011.9,2026-04-17 06:00:00,32.4,22.5,300.0,0.5,16.7,40.0,4.1,,79,6,17,4,4,16,-1.0
20.4,76,1012.9,2026-04-17 07:00:00,32.1,24.0,303.0,1.1,18.1,36.0,4.8,,79,7,17,4,4,16,0.0
21.1,72,1012.9,2026-04-17 08:00:00,34.9,24.5,298.0,1.5,17.9,41.0,5.2,,80,8,17,4,4,16,1.0
22.4,65,1014.8,2026-04-17 09:00:00,41.4,21.8,281.0,1.5,14.4,62.0,5.3,,80,9,17,4,4,16,0.0
23.7,57,1014.6,2026-04-17 10:00:00,49.2,21.7,258.0,1.2,9.3,93.0,5.2,,80,10,17,4,4,16,0.0
21.0,73,1016.7,2026-04-17 11:00:00,55.1,21.9,237.0,0.9,5.2,117.0,5.1,,80,11,17,4,4,16,0.0
19.8,79,1015.7,2026-04-17 12:00:00,50.1,21.0,216.0,0.6,3.0,130.0,5.0,,80,12,17,4,4,16,0.0
21.5,74,1014.6,2026-04-17 13:00:00,53.2,18.9,197.0,0.4,1.7,136.0,4.8,,81,13,17,4,4,16,1.0
25.5,52,1013.3,2026-04-17 14:00:00,55.9,19.2,198.0,0.2,1.6,139.0,4.8,,81,14,17,4,4,16,0.0
26.1,49,1012.3,2026-04-17 15:00:00,56.0,19.2,234.0,0.2,2.6,138.0,4.9,,82,15,17,4,4,16,1.0
25.7,52,1011.5,2026-04-17 16:00:00,56.2,19.5,290.0,0.3,4.8,133.0,5.1,,83,16,17,4,4,16,1.0
25.0,58,1011.5,2026-04-17 17:00:00,53.1,17.8,341.0,0.2,3.8,129.0,4.9,,84,17,17,4,4,16,1.0
23.2,64,1012.1,2026-04-17 18:00:00,53.4,20.3,383.0,0.1,9.0,114.0,5.2,,84,18,17,4,4,16,0.0
20.0,80,1013.5,2026-04-17 19:00:00,64.0,28.3,419.0,0.1,16.1,93.0,5.6,,87,19,17,4,4,16,3.0
19.3,84,1013.7,2026-04-17 20:00:00,56.3,27.4,439.0,0.0,21.6,76.0,5.8,,83,20,17,4,4,16,-4.0
19.0,85,1014.8,2026-04-17 21:00:00,57.0,29.2,436.0,0.0,23.7,67.0,5.8,,82,21,17,4,4,16,-1.0
18.9,84,1014.5,2026-04-17 22:00:00,57.4,30.3,417.0,0.0,24.2,62.0,5.7,,81,22,17,4,4,16,-1.0
18.6,89,1014.7,2026-04-17 23:00:00,59.4,32.2,382.0,0.0,24.2,57.0,5.4,,79,23,17,4,4,16,-2.0
18.4,88,1014.4,2026-04-18 00:00:00,55.8,31.8,321.0,0.0,23.9,52.0,4.8,,78,0,18,4,5,16,-1.0
18.4,85,1014.4,2026-04-18 01:00:00,54.5,29.5,245.0,0.0,23.0,48.0,4.0,,77,1,18,4,5,16,-1.0
17.8,88,1014.3,2026-04-18 02:00:00,67.3,33.6,192.0,0.0,22.6,44.0,3.4,,77,2,18,4,5,16,0.0
17.1,93,1013.9,2026-04-18 03:00:00,72.4,36.6,177.0,0.0,23.3,38.0,3.0,,78,3,18,4,5,16,1.0
16.9,95,1014.3,2026-04-18 04:00:00,81.7,41.0,185.0,0.0,24.4,33.0,2.8,,80,4,18,4,5,16,2.0
18.1,90,1013.3,2026-04-18 05:00:00,63.8,36.6,204.0,0.0,25.7,27.0,4.0,,81,5,18,4,5,16,1.0
18.0,90,1013.9,2026-04-18 06:00:00,68.2,40.4,237.0,1.5,24.1,31.0,4.4,,82,6,18,4,5,16,1.0
19.3,87,1014.2,2026-04-18 07:00:00,66.4,41.2,280.0,3.5,21.7,38.0,4.9,,84,7,18,4,5,16,2.0
20.5,81,1014.5,2026-04-18 08:00:00,67.5,40.6,312.0,4.6,18.5,51.0,5.3,,85,8,18,4,5,16,1.0
20.8,78,1015.6,2026-04-18 09:00:00,79.2,31.7,320.0,3.8,13.8,77.0,5.5,,86,9,18,4,5,16,1.0
21.8,71,1014.6,2026-04-18 10:00:00,81.0,29.6,317.0,2.0,8.2,108.0,5.7,,87,10,18,4,5,16,1.0
24.2,61,1014.6,2026-04-18 11:00:00,82.4,28.5,314.0,0.6,4.2,131.0,5.6,,88,11,18,4,5,16,1.0
25.4,55,1013.6,2026-04-18 12:00:00,80.8,27.5,313.0,0.2,2.6,138.0,5.2,,88,12,18,4,5,16,0.0
26.5,51,1012.6,2026-04-18 13:00:00,82.0,27.3,313.0,0.1,2.4,135.0,4.6,,89,13,18,4,5,16,1.0
27.0,49,1011.6,2026-04-18 14:00:00,83.1,26.9,317.0,0.1,3.2,130.0,4.3,,90,14,18,4,5,16,1.0
26.4,50,1011.0,2026-04-18 15:00:00,86.8,28.7,326.0,0.1,4.7,124.0,4.4,,90,15,18,4,5,16,0.0
25.3,56,1010.4,2026-04-18 16:00:00,97.8,30.5,340.0,0.2,7.1,115.0,4.8,,91,16,18,4,5,16,1.0
23.1,60,1011.5,2026-04-18 17:00:00,92.0,29.6,364.0,0.4,9.3,112.0,5.3,,92,17,18,4,5,16,1.0
21.5,68,1011.3,2026-04-18 18:00:00,77.5,31.5,401.0,0.3,15.5,96.0,5.6,,93,18,18,4,5,16,1.0
20.6,72,1011.9,2026-04-18 19:00:00,75.7,34.8,448.0,0.1,23.9,73.0,6.1,,94,19,18,4,5,16,1.0
20.6,72,1011.8,2026-04-18 20:00:00,69.4,35.0,496.0,0.0,29.0,58.0,6.2,,94,20,18,4,5,16,0.0
20.1,73,1013.0,2026-04-18 21:00:00,75.2,33.9,560.0,0.0,27.3,57.0,5.8,,95,21,18,4,5,16,1.0
19.8,75,1012.6,2026-04-18 22:00:00,98.5,36.2,624.0,0.0,22.2,63.0,5.0,,95,22,18,4,5,16,0.0
20.1,77,1012.8,2026-04-18 23:00:00,97.3,35.6,635.0,0.0,18.5,66.0,4.2,,96,23,18,4,5,16,1.0
19.6,79,1012.8,2026-04-19 00:00:00,104.3,36.8,547.0,0.0,18.2,61.0,3.4,,96,0,19,4,6,16,0.0
19.1,81,1012.2,2026-04-19 01:00:00,105.9,37.7,406.0,0.0,19.2,53.0,2.6,,96,1,19,4,6,16,0.0
18.7,83,1011.5,2026-04-19 02:00:00,111.1,41.1,293.0,0.0,20.2,46.0,2.1,,97,2,19,4,6,16,1.0
18.0,86,1011.2,2026-04-19 03:00:00,109.2,42.3,239.0,0.0,21.0,39.0,1.9,,97,3,19,4,6,16,0.0
17.8,83,1010.5,2026-04-19 04:00:00,98.5,41.2,213.0,0.0,21.6,33.0,1.9,,98,4,19,4,6,16,1.0
17.7,87,1010.5,2026-04-19 05:00:00,74.7,36.0,200.0,0.0,27.5,16.0,3.7,,98,5,19,4,6,16,0.0
18.0,82,1010.7,2026-04-19 06:00:00,73.1,35.9,199.0,1.3,24.2,26.0,4.3,,98,6,19,4,6,16,0.0
19.2,77,1010.9,2026-04-19 07:00:00,63.8,34.5,211.0,3.1,19.5,42.0,5.2,,97,7,19,4,6,16,-1.0
21.1,67,1011.1,2026-04-19 08:00:00,66.1,30.9,223.0,4.0,14.8,60.0,5.6,,97,8,19,4,6,16,0.0
22.7,62,1011.4,2026-04-19 09:00:00,79.2,25.4,234.0,3.2,10.3,84.0,5.3,,96,9,19,4,6,16,-1.0
24.3,55,1011.4,2026-04-19 10:00:00,97.1,24.4,245.0,1.6,5.7,112.0,4.5,,96,10,19,4,6,16,0.0
25.6,48,1011.7,2026-04-19 11:00:00,120.6,27.0,250.0,0.4,2.5,132.0,3.9,,95,11,19,4,6,16,-1.0
26.9,45,1011.2,2026-04-19 12:00:00,134.1,29.0,243.0,0.1,1.1,140.0,3.6,,95,12,19,4,6,16,0.0
27.7,43,1010.4,2026-04-19 13:00:00,129.9,28.5,230.0,0.1,1.0,142.0,3.4,,95,13,19,4,6,16,0.0
28.2,42,1009.3,2026-04-19 14:00:00,114.1,26.1,226.0,0.2,1.5,140.0,3.3,,95,14,19,4,6,16,0.0
28.3,42,1008.6,2026-04-19 15:00:00,96.2,23.2,235.0,0.3,1.2,138.0,3.0,,95,15,19,4,6,16,0.0
27.8,42,1008.1,2026-04-19 16:00:00,82.9,21.1,253.0,0.4,1.5,133.0,2.8,,95,16,19,4,6,16,0.0
27.6,49,1007.8,2026-04-19 17:00:00,45.4,15.7,281.0,0.4,5.7,123.0,2.9,,94,17,19,4,6,16,-1.0
25.3,60,1007.9,2026-04-19 18:00:00,45.2,20.8,329.0,0.3,15.8,107.0,4.0,,93,18,19,4,6,16,-1.0
23.2,59,1008.4,2026-04-19 19:00:00,55.5,30.3,387.0,0.1,29.8,86.0,5.6,,92,19,19,4,6,16,-1.0
22.5,56,1008.5,2026-04-19 20:00:00,64.7,39.0,430.0,0.0,41.5,66.0,6.9,,92,20,19,4,6,16,0.0
22.6,52,1009.2,2026-04-19 21:00:00,72.9,46.3,452.0,0.0,48.9,51.0,7.9,,92,21,19,4,6,16,0.0
21.3,56,1009.5,2026-04-19 22:00:00,78.5,51.8,459.0,0.1,54.0,39.0,8.7,,93,22,19,4,6,16,1.0
21.2,61,1009.3,2026-04-19 23:00:00,78.9,53.7,440.0,0.1,56.0,30.0,9.0,,94,23,19,4,6,16,1.0
22.1,57,1009.3,2026-04-20 00:00:00,73.6,50.9,368.0,0.1,53.7,25.0,8.3,,96,0,20,4,0,17,2.0
21.7,57,1009.2,2026-04-20 01:00:00,66.8,46.1,270.0,0.0,48.3,22.0,7.1,,97,1,20,4,0,17,1.0
20.6,61,1008.9,2026-04-20 02:00:00,61.2,41.6,220.0,0.0,43.1,21.0,6.0,,98,2,20,4,0,17,1.0
19.6,64,1008.9,2026-04-20 03:00:00,55.6,37.5,267.0,0.0,39.5,18.0,5.2,,98,3,20,4,0,17,0.0
18.8,68,1008.7,2026-04-20 04:00:00,50.5,34.0,363.0,0.0,36.2,16.0,4.5,,97,4,20,4,0,17,-1.0
19.4,66,1009.0,2026-04-20 05:00:00,47.6,32.7,428.0,0.0,35.6,15.0,4.3,,97,5,20,4,0,17,0.0
19.7,65,1009.4,2026-04-20 06:00:00,41.9,28.7,429.0,1.4,30.4,26.0,4.5,,96,6,20,4,0,17,-1.0
21.3,62,1009.8,2026-04-20 07:00:00,37.3,26.8,401.0,3.2,23.0,43.0,4.7,,96,7,20,4,0,17,0.0
23.5,58,1010.1,2026-04-20 08:00:00,39.1,27.1,370.0,4.2,16.4,65.0,5.0,,95,8,20,4,0,17,-1.0
25.2,50,1010.4,2026-04-20 09:00:00,41.1,24.9,344.0,3.4,11.3,96.0,5.6,,95,9,20,4,0,17,0.0
26.2,47,1010.6,2026-04-20 10:00:00,42.8,23.1,316.0,1.8,7.0,132.0,6.3,,95,10,20,4,0,17,0.0
28.3,39,1010.1,2026-04-20 11:00:00,45.1,20.8,294.0,0.5,3.8,157.0,6.5,,95,11,20,4,0,17,0.0
29.6,35,1009.4,2026-04-20 12:00:00,46.0,18.9,279.0,0.1,2.1,161.0,5.6,,94,12,20,4,0,17,-1.0
30.5,33,1008.7,2026-04-20 13:00:00,47.0,17.7,270.0,0.1,1.5,153.0,4.1,,94,13,20,4,0,17,0.0
31.0,32,1008.0,2026-04-20 14:00:00,48.7,17.4,267.0,0.2,1.7,145.0,3.0,,93,14,20,4,0,17,-1.0
31.0,32,1007.3,2026-04-20 15:00:00,49.0,17.1,272.0,0.3,1.5,142.0,2.7,,92,15,20,4,0,17,-1.0
30.4,33,1007.1,2026-04-20 16:00:00,47.8,16.9,284.0,0.4,1.9,138.0,2.7,,92,16,20,4,0,17,0.0
29.3,46,1006.9,2026-04-20 17:00:00,43.7,16.5,299.0,0.3,6.7,131.0,3.4,,106,17,20,4,0,17,14.0
27.1,58,1006.7,2026-04-20 18:00:00,46.0,22.1,320.0,0.2,17.8,112.0,4.6,,113,18,20,4,0,17,7.0
25.3,51,1006.8,2026-04-20 19:00:00,54.7,31.2,344.0,0.1,33.3,85.0,6.2,,109,19,20,4,0,17,-4.0
24.2,48,1007.4,2026-04-20 20:00:00,63.8,40.9,355.0,0.0,46.2,62.0,7.5,,93,20,20,4,0,17,-16.0
24.5,44,1008.0,2026-04-20 21:00:00,70.3,48.4,339.0,0.1,54.5,46.0,8.4,,92,21,20,4,0,17,-1.0
23.1,47,1008.4,2026-04-20 22:00:00,73.3,53.1,311.0,0.3,60.3,33.0,9.0,,92,22,20,4,0,17,0.0
22.6,48,1008.3,2026-04-20 23:00:00,72.4,54.0,294.0,0.4,62.4,24.0,9.1,,92,23,20,4,0,17,0.0
22.6,50,1008.2,2026-04-21 00:00:00,66.8,50.6,299.0,0.3,59.2,19.0,8.3,,92,0,21,4,1,17,0.0
21.8,54,1008.0,2026-04-21 01:00:00,59.5,45.3,317.0,0.1,52.3,19.0,6.9,,92,1,21,4,1,17,0.0
21.0,56,1007.3,2026-04-21 02:00:00,52.4,39.9,340.0,0.0,45.6,19.0,5.8,,92,2,21,4,1,17,0.0
20.8,56,1007.1,2026-04-21 03:00:00,46.0,35.0,371.0,0.0,40.6,19.0,5.3,,92,3,21,4,1,17,0.0
20.1,61,1006.9,2026-04-21 04:00:00,41.0,31.1,409.0,0.0,35.8,20.0,5.1,,91,4,21,4,1,17,-1.0
19.6,65,1006.8,2026-04-21 05:00:00,36.3,29.0,442.0,0.0,34.0,17.0,4.2,,91,5,21,4,1,17,0.0
20.7,60,1006.8,2026-04-21 06:00:00,31.3,25.2,474.0,1.2,29.3,28.0,4.3,,91,6,21,4,1,17,0.0
22.3,58,1007.2,2026-04-21 07:00:00,28.6,23.7,502.0,2.9,22.6,45.0,4.6,,91,7,21,4,1,17,0.0
24.2,57,1007.5,2026-04-21 08:00:00,28.6,23.3,503.0,3.8,16.4,67.0,4.8,,90,8,21,4,1,17,-1.0
26.0,49,1007.6,2026-04-21 09:00:00,28.2,20.7,458.0,3.1,11.4,98.0,5.2,,90,9,21,4,1,17,0.0
27.6,44,1007.8,2026-04-21 10:00:00,27.2,18.3,386.0,1.6,6.9,133.0,5.6,,90,10,21,4,1,17,0.0
29.4,39,1007.6,2026-04-21 11:00:00,24.9,15.1,323.0,0.5,3.7,158.0,5.6,,89,11,21,4,1,17,-1.0
30.9,34,1007.2,2026-04-21 12:00:00,23.6,13.2,276.0,0.2,2.0,165.0,5.0,,89,12,21,4,1,17,0.0
31.9,32,1006.4,2026-04-21 13:00:00,22.8,11.6,239.0,0.2,1.6,162.0,4.0,,88,13,21,4,1,17,-1.0
32.4,32,1005.5,2026-04-21 14:00:00,22.8,10.6,224.0,0.2,2.0,157.0,3.3,,88,14,21,4,1,17,0.0
32.4,33,1004.8,2026-04-21 15:00:00,23.1,10.4,238.0,0.2,2.8,155.0,3.2,,87,15,21,4,1,17,-1.0
32.1,35,1004.4,2026-04-21 16:00:00,23.6,10.8,276.0,0.3,4.4,151.0,3.5,,99,16,21,4,1,17,12.0
31.6,33,1003.9,2026-04-21 17:00:00,22.2,11.4,334.0,0.4,8.7,129.0,3.4,,117,17,21,4,1,17,18.0
29.0,52,1004.1,2026-04-21 18:00:00,26.1,16.8,426.0,0.3,14.5,115.0,4.2,,124,18,21,4,1,17,7.0
26.7,51,1004.3,2026-04-21 19:00:00,32.8,23.2,539.0,0.1,22.7,94.0,5.4,,120,19,21,4,1,17,-4.0
25.7,55,1004.9,2026-04-21 20:00:00,38.9,28.7,632.0,0.0,29.9,76.0,6.4,,106,20,21,4,1,17,-14.0
24.8,58,1005.4,2026-04-21 21:00:00,44.8,34.3,693.0,0.0,35.2,62.0,7.2,,88,21,21,4,1,17,-18.0
23.9,61,1005.9,2026-04-21 22:00:00,49.4,39.3,734.0,0.0,39.5,50.0,7.9,,83,22,21,4,1,17,-5.0
24.5,56,1006.1,2026-04-21 23:00:00,52.9,43.2,748.0,0.0,42.1,40.0,8.1,,82,23,21,4,1,17,-1.0
25.0,53,1006.3,2026-04-22 00:00:00,52.7,43.7,721.0,0.0,42.4,33.0,7.7,,81,0,22,4,2,17,-1.0
24.2,58,1006.1,2026-04-22 01:00:00,50.4,41.8,668.0,0.0,40.9,27.0,6.8,,80,1,22,4,2,17,-1.0
21.4,68,1006.1,2026-04-22 02:00:00,46.8,38.6,625.0,0.0,38.6,24.0,6.1,,80,2,22,4,2,17,0.0
20.2,75,1006.2,2026-04-22 03:00:00,43.1,35.3,603.0,0.0,35.7,21.0,5.7,,80,3,22,4,2,17,0.0
20.5,73,1005.9,2026-04-22 04:00:00,40.2,32.7,591.0,0.0,32.1,19.0,5.4,,80,4,22,4,2,17,0.0
20.1,73,1005.7,2026-04-22 05:00:00,45.5,36.3,591.0,0.0,36.4,15.0,5.1,,80,5,22,4,2,17,0.0
20.2,74,1006.2,2026-04-22 06:00:00,43.2,34.3,622.0,1.1,30.6,34.0,5.4,,81,6,22,4,2,17,1.0
22.2,68,1006.6,2026-04-22 07:00:00,41.1,33.6,666.0,2.6,22.4,61.0,5.8,,82,7,22,4,2,17,1.0
24.6,60,1006.8,2026-04-22 08:00:00,39.3,32.8,672.0,3.4,15.3,91.0,6.4,,82,8,22,4,2,17,0.0
27.1,53,1006.9,2026-04-22 09:00:00,36.7,28.4,606.0,2.8,10.6,127.0,7.6,,83,9,22,4,2,17,1.0
29.1,43,1006.6,2026-04-22 10:00:00,34.1,24.7,502.0,1.5,7.0,166.0,9.1,,84,10,22,4,2,17,1.0
30.1,40,1006.7,2026-04-22 11:00:00,31.4,21.5,407.0,0.5,4.4,193.0,9.8,,84,11,22,4,2,17,0.0
31.8,35,1005.9,2026-04-22 12:00:00,29.9,19.6,329.0,0.2,2.7,199.0,8.9,,85,12,22,4,2,17,1.0
32.9,32,1005.4,2026-04-22 13:00:00,27.9,17.3,260.0,0.2,1.9,193.0,7.3,,85,13,22,4,2,17,0.0
33.5,31,1004.3,2026-04-22 14:00:00,26.1,15.3,225.0,0.2,2.3,184.0,6.1,,93,14,22,4,2,17,8.0
33.4,32,1003.6,2026-04-22 15:00:00,26.1,14.8,239.0,0.2,3.5,177.0,5.9,,125,15,22,4,2,17,32.0
32.8,34,1003.1,2026-04-22 16:00:00,27.6,16.1,287.0,0.3,5.9,167.0,6.3,,149,16,22,4,2,17,24.0
31.2,53,1002.6,2026-04-22 17:00:00,20.0,14.5,349.0,0.3,7.7,165.0,7.0,,162,17,22,4,2,17,13.0
29.9,54,1002.6,2026-04-22 18:00:00,27.7,22.7,439.0,0.2,19.0,144.0,8.1,,168,18,22,4,2,17,6.0
27.3,53,1002.9,2026-04-22 19:00:00,39.8,34.9,544.0,0.1,34.4,115.0,9.6,,164,19,22,4,2,17,-4.0
26.6,56,1004.0,2026-04-22 20:00:00,50.5,45.6,596.0,0.0,44.3,91.0,10.5,,152,20,22,4,2,17,-12.0
25.7,56,1005.1,2026-04-22 21:00:00,57.5,53.0,557.0,0.0,43.4,79.0,10.4,,129,21,22,4,2,17,-23.0
25.8,56,1006.4,2026-04-22 22:00:00,49.5,45.8,465.0,0.0,37.1,73.0,9.7,,105,22,22,4,2,17,-24.0
25.2,52,1007.4,2026-04-22 23:00:00,45.6,34.7,378.0,0.0,31.2,67.0,8.9,,92,23,22,4,2,17,-13.0
22.8,63,1008.7,2026-04-23 00:00:00,49.9,31.5,306.0,0.0,27.9,60.0,7.9,,91,0,23,4,3,17,-1.0
21.7,70,1009.4,2026-04-23 01:00:00,53.1,30.0,237.0,0.0,25.1,53.0,6.7,,90,1,23,4,3,17,-1.0
21.8,70,1008.8,2026-04-23 02:00:00,52.0,28.6,193.0,0.0,22.6,48.0,5.8,,89,2,23,4,3,17,-1.0
21.6,70,1008.2,2026-04-23 03:00:00,49.6,26.4,189.0,0.0,20.3,45.0,5.3,,88,3,23,4,3,17,-1.0
20.6,79,1008.0,2026-04-23 04:00:00,48.3,24.6,209.0,0.0,18.4,43.0,4.9,,88,4,23,4,3,17,0.0
22.6,67,1007.2,2026-04-23 05:00:00,34.6,20.5,229.0,0.0,15.7,45.0,4.5,,87,5,23,4,3,17,-1.0
23.0,63,1008.0,2026-04-23 06:00:00,33.3,20.5,241.0,0.9,14.9,49.0,4.8,,86,6,23,4,3,17,-1.0
23.7,59,1008.5,2026-04-23 07:00:00,31.4,21.8,253.0,2.0,13.6,57.0,5.3,,85,7,23,4,3,17,-1.0
25.3,56,1009.1,2026-04-23 08:00:00,42.1,21.5,260.0,2.6,11.8,69.0,5.5,,84,8,23,4,3,17,-1.0
26.8,51,1009.4,2026-04-23 09:00:00,46.3,20.3,260.0,2.1,8.9,92.0,5.3,,83,9,23,4,3,17,-1.0
28.8,44,1009.4,2026-04-23 10:00:00,46.8,18.6,256.0,1.2,5.5,120.0,4.9,,82,10,23,4,3,17,-1.0
30.0,40,1009.4,2026-04-23 11:00:00,48.7,18.3,249.0,0.4,2.9,141.0,4.6,,82,11,23,4,3,17,0.0
30.9,38,1008.8,2026-04-23 12:00:00,50.8,18.4,235.0,0.2,1.7,148.0,4.4,,82,12,23,4,3,17,0.0
31.9,36,1008.1,2026-04-23 13:00:00,53.4,18.7,218.0,0.2,1.5,147.0,4.2,,81,13,23,4,3,17,-1.0
32.3,35,1007.2,2026-04-23 14:00:00,61.2,20.3,213.0,0.2,2.1,144.0,4.1,,82,14,23,4,3,17,1.0
32.0,36,1006.4,2026-04-23 15:00:00,67.3,21.0,230.0,0.3,3.9,140.0,4.2,,82,15,23,4,3,17,0.0
31.2,38,1006.2,2026-04-23 16:00:00,70.8,21.6,259.0,0.4,6.7,133.0,4.4,,82,16,23,4,3,17,0.0
30.6,42,1004.8,2026-04-23 17:00:00,51.0,20.4,286.0,0.4,6.7,124.0,4.7,,93,17,23,4,3,17,11.0
29.1,51,1005.6,2026-04-23 18:00:00,55.8,25.8,313.0,0.3,19.5,101.0,5.7,,100,18,23,4,3,17,7.0
27.2,54,1006.2,2026-04-23 19:00:00,67.8,36.2,338.0,0.1,37.1,69.0,7.1,,96,19,23,4,3,17,-4.0
26.7,51,1006.8,2026-04-23 20:00:00,79.2,46.3,343.0,0.0,49.0,44.0,8.0,,84,20,23,4,3,17,-12.0
25.6,51,1007.5,2026-04-23 21:00:00,77.3,47.6,310.0,0.0,50.0,33.0,7.8,,84,21,23,4,3,17,0.0
24.2,55,1008.0,2026-04-23 22:00:00,63.8,41.3,257.0,0.0,45.3,29.0,7.1,,83,22,23,4,3,17,-1.0
24.9,53,1007.9,2026-04-23 23:00:00,54.4,36.4,218.0,0.0,40.5,26.0,6.4,,83,23,23,4,3,17,0.0
25.2,51,1008.2,2026-04-24 00:00:00,46.7,31.9,208.0,0.0,37.2,23.0,5.7,,83,0,24,4,4,17,0.0
24.6,52,1007.6,2026-04-24 01:00:00,42.3,28.9,211.0,0.0,33.7,21.0,5.0,,83,1,24,4,4,17,0.0
24.1,54,1007.4,2026-04-24 02:00:00,39.0,26.5,218.0,0.0,30.4,20.0,4.4,,83,2,24,4,4,17,0.0
23.4,57,1008.1,2026-04-24 03:00:00,34.7,23.7,227.0,0.0,27.3,19.0,4.0,,83,3,24,4,4,17,0.0
22.8,58,1008.2,2026-04-24 04:00:00,31.4,21.0,239.0,0.0,24.2,18.0,3.7,,83,4,24,4,4,17,0.0
24.5,50,1007.3,2026-04-24 05:00:00,30.7,19.4,247.0,0.0,19.1,24.0,3.2,,82,5,24,4,4,17,-1.0
24.9,48,1007.7,2026-04-24 06:00:00,29.9,19.6,247.0,0.9,18.3,27.0,3.8,,82,6,24,4,4,17,0.0
25.7,46,1008.2,2026-04-24 07:00:00,28.6,20.6,243.0,2.1,17.1,32.0,4.7,,82,7,24,4,4,17,0.0
27.1,43,1008.5,2026-04-24 08:00:00,32.8,20.1,243.0,2.7,15.1,44.0,5.3,,82,8,24,4,4,17,0.0
28.7,40,1008.7,2026-04-24 09:00:00,38.8,19.3,251.0,2.2,11.3,72.0,5.3,,82,9,24,4,4,17,0.0
30.1,38,1008.6,2026-04-24 10:00:00,43.9,18.8,263.0,1.2,6.7,108.0,4.9,,82,10,24,4,4,17,0.0
31.8,36,1008.2,2026-04-24 11:00:00,46.3,18.6,269.0,0.4,3.5,132.0,4.6,,82,11,24,4,4,17,0.0
32.5,35,1007.7,2026-04-24 12:00:00,46.4,18.3,263.0,0.2,2.9,135.0,4.4,,82,12,24,4,4,17,0.0
31.9,36,1007.3,2026-04-24 13:00:00,43.4,17.5,251.0,0.2,3.8,128.0,4.3,,82,13,24,4,4,17,0.0
31.5,37,1007.0,2026-04-24 14:00:00,39.8,16.6,240.0,0.2,4.8,119.0,4.2,,82,14,24,4,4,17,0.0
30.2,37,1007.4,2026-04-24 15:00:00,41.7,17.9,228.0,0.3,4.9,114.0,4.1,,82,15,24,4,4,17,0.0
27.2,47,1008.1,2026-04-24 16:00:00,52.4,21.9,216.0,0.4,5.2,109.0,4.1,,81,16,24,4,4,17,-1.0
22.9,69,1008.3,2026-04-24 17:00:00,47.7,21.7,222.0,0.5,8.2,108.0,4.6,,81,17,24,4,4,17,0.0
23.4,68,1008.9,2026-04-24 18:00:00,41.6,22.2,258.0,0.3,14.4,93.0,5.0,,81,18,24,4,4,17,0.0
22.4,70,1009.8,2026-04-24 19:00:00,42.8,25.6,311.0,0.1,22.9,73.0,5.6,,81,19,24,4,4,17,0.0
21.9,73,1010.3,2026-04-24 20:00:00,48.2,29.8,355.0,0.0,29.1,57.0,6.0,,80,20,24,4,4,17,-1.0
21.9,72,1011.2,2026-04-24 21:00:00,49.4,30.3,383.0,0.0,30.4,51.0,6.0,,79,21,24,4,4,17,-1.0
22.0,70,1011.0,2026-04-24 22:00:00,54.0,30.5,402.0,0.1,29.3,50.0,5.8,,78,22,24,4,4,17,-1.0
22.3,69,1011.1,2026-04-24 23:00:00,65.2,34.0,406.0,0.1,28.8,47.0,5.6,,77,23,24,4,4,17,-1.0
22.6,64,1011.5,2026-04-25 00:00:00,71.5,33.9,386.0,0.1,30.1,40.0,5.5,,77,0,25,4,5,17,0.0
22.7,63,1010.7,2026-04-25 01:00:00,76.1,36.1,351.0,0.0,31.9,32.0,5.4,,77,1,25,4,5,17,0.0
21.9,64,1010.3,2026-04-25 02:00:00,79.2,38.2,322.0,0.0,33.5,25.0,5.2,,77,2,25,4,5,17,0.0
21.6,63,1010.2,2026-04-25 03:00:00,79.9,39.3,306.0,0.0,35.1,17.0,4.9,,78,3,25,4,5,17,1.0
21.3,64,1010.5,2026-04-25 04:00:00,78.9,39.6,297.0,0.0,36.4,10.0,4.5,,79,4,25,4,5,17,1.0
21.0,72,1010.2,2026-04-25 05:00:00,67.3,37.3,295.0,0.0,26.6,24.0,2.8,,81,5,25,4,5,17,2.0
21.5,69,1010.8,2026-04-25 06:00:00,65.0,38.2,307.0,1.6,25.1,33.0,4.0,,82,6,25,4,5,17,1.0
22.9,63,1011.6,2026-04-25 07:00:00,56.6,38.1,327.0,3.7,22.8,46.0,5.6,,84,7,25,4,5,17,2.0
24.8,54,1011.7,2026-04-25 08:00:00,58.7,35.2,331.0,4.8,19.5,64.0,6.5,,85,8,25,4,5,17,1.0
26.5,49,1011.8,2026-04-25 09:00:00,75.9,31.7,304.0,3.9,14.1,90.0,6.2,,86,9,25,4,5,17,1.0
28.3,43,1011.7,2026-04-25 10:00:00,92.2,30.5,262.0,1.9,7.7,121.0,5.3,,87,10,25,4,5,17,1.0
29.7,38,1011.7,2026-04-25 11:00:00,98.0,29.2,228.0,0.4,3.0,141.0,4.3,,88,11,25,4,5,17,1.0
30.9,35,1011.2,2026-04-25 12:00:00,95.0,26.4,208.0,0.0,1.2,143.0,3.4,,89,12,25,4,5,17,1.0
31.6,33,1010.5,2026-04-25 13:00:00,86.1,23.2,196.0,0.1,1.0,134.0,2.6,,90,13,25,4,5,17,1.0
31.9,32,1009.7,2026-04-25 14:00:00,73.1,20.0,195.0,0.2,1.5,126.0,2.0,,90,14,25,4,5,17,0.0
31.6,33,1008.8,2026-04-25 15:00:00,63.1,18.0,197.0,0.3,1.1,123.0,1.8,,90,15,25,4,5,17,0.0
31.3,34,1008.1,2026-04-25 16:00:00,55.9,16.6,209.0,0.4,1.4,121.0,1.8,,90,16,25,4,5,17,0.0
30.8,38,1007.5,2026-04-25 17:00:00,47.7,14.6,261.0,0.3,3.4,120.0,2.2,,90,17,25,4,5,17,0.0
28.6,56,1007.1,2026-04-25 18:00:00,46.2,19.6,386.0,0.2,13.6,104.0,3.3,,90,18,25,4,5,17,0.0
25.8,52,1007.2,2026-04-25 19:00:00,56.5,27.6,551.0,0.1,28.0,81.0,4.9,,89,19,25,4,5,17,-1.0
24.8,51,1007.9,2026-04-25 20:00:00,65.4,36.7,678.0,0.0,40.0,61.0,6.2,,89,20,25,4,5,17,0.0
24.0,49,1008.6,2026-04-25 21:00:00,71.0,43.4,751.0,0.0,48.0,46.0,7.2,,90,21,25,4,5,17,1.0
23.6,47,1008.8,2026-04-25 22:00:00,73.1,47.3,787.0,0.0,53.7,33.0,7.9,,91,22,25,4,5,17,1.0
24.1,47,1008.8,2026-04-25 23:00:00,72.9,48.7,759.0,0.0,56.1,24.0,8.2,,92,23,25,4,5,17,1.0
24.3,46,1008.5,2026-04-26 00:00:00,68.9,46.7,616.0,0.0,53.8,19.0,7.6,,94,0,26,4,6,17,2.0
23.9,47,1008.5,2026-04-26 01:00:00,62.9,43.3,409.0,0.0,48.3,18.0,6.6,,95,1,26,4,6,17,1.0
22.1,58,1008.1,2026-04-26 02:00:00,55.9,39.1,264.0,0.0,42.8,18.0,5.7,,95,2,26,4,6,17,0.0
21.6,58,1008.0,2026-04-26 03:00:00,48.4,34.5,239.0,0.0,38.6,16.0,5.2,,95,3,26,4,6,17,0.0
21.7,54,1007.8,2026-04-26 04:00:00,41.4,30.2,277.0,0.0,34.4,15.0,4.8,,95,4,26,4,6,17,0.0
21.3,53,1007.8,2026-04-26 05:00:00,31.4,26.0,330.0,0.0,33.0,20.0,4.6,,94,5,26,4,6,17,-1.0
21.4,58,1008.1,2026-04-26 06:00:00,26.0,23.1,407.0,1.1,28.0,34.0,4.8,,93,6,26,4,6,17,-1.0
22.9,62,1008.9,2026-04-26 07:00:00,22.5,20.8,500.0,2.6,21.0,53.0,5.2,,92,7,26,4,6,17,-1.0
25.3,54,1009.1,2026-04-26 08:00:00,21.7,19.4,539.0,3.4,14.8,77.0,5.5,,91,8,26,4,6,17,-1.0
27.3,46,1009.3,2026-04-26 09:00:00,23.7,19.2,477.0,2.8,10.3,108.0,5.9,,89,9,26,4,6,17,-2.0
29.3,39,1008.8,2026-04-26 10:00:00,24.2,17.9,362.0,1.5,6.5,144.0,6.2,,88,10,26,4,6,17,-1.0
31.2,34,1008.3,2026-04-26 11:00:00,21.4,15.1,268.0,0.5,3.8,167.0,6.1,,87,11,26,4,6,17,-1.0
32.7,30,1007.6,2026-04-26 12:00:00,18.2,12.3,219.0,0.2,2.2,170.0,5.2,,86,12,26,4,6,17,-1.0
33.3,28,1006.7,2026-04-26 13:00:00,16.0,9.8,190.0,0.2,1.7,161.0,3.9,,85,13,26,4,6,17,-1.0
33.8,28,1005.6,2026-04-26 14:00:00,15.7,8.2,181.0,0.2,1.9,152.0,3.0,,84,14,26,4,6,17,-1.0
33.7,27,1004.3,2026-04-26 15:00:00,15.1,7.4,194.0,0.3,1.8,148.0,2.6,,86,15,26,4,6,17,2.0
33.4,27,1003.4,2026-04-26 16:00:00,14.8,7.5,226.0,0.4,2.5,144.0,2.6,,106,16,26,4,6,17,20.0
32.3,36,1003.2,2026-04-26 17:00:00,4.0,4.0,268.0,0.5,5.9,137.0,2.6,,120,17,26,4,6,17,14.0
29.9,49,1003.0,2026-04-26 18:00:00,10.2,10.0,323.0,0.4,17.9,117.0,3.8,,127,18,26,4,6,17,7.0
27.9,43,1003.1,2026-04-26 19:00:00,21.2,20.6,389.0,0.1,34.4,90.0,5.5,,121,19,26,4,6,17,-6.0
27.5,41,1003.4,2026-04-26 20:00:00,32.5,31.3,449.0,0.0,47.4,67.0,7.0,,105,20,26,4,6,17,-16.0
27.3,41,1003.9,2026-04-26 21:00:00,41.0,39.3,499.0,0.0,53.7,53.0,8.1,,83,21,26,4,6,17,-22.0
26.5,47,1003.8,2026-04-26 22:00:00,44.9,43.4,544.0,0.0,56.3,42.0,9.0,,79,22,26,4,6,17,-4.0
25.8,38,1003.7,2026-04-26 23:00:00,46.0,44.7,578.0,0.0,56.5,34.0,9.3,,78,23,26,4,6,17,-1.0
25.4,34,1003.3,2026-04-27 00:00:00,45.3,44.1,596.0,0.0,53.8,27.0,8.5,,78,0,27,4,0,18,0.0
24.9,32,1003.0,2026-04-27 01:00:00,41.7,40.6,604.0,0.0,48.5,23.0,7.1,,78,1,27,4,0,18,0.0
22.9,43,1002.7,2026-04-27 02:00:00,35.9,34.9,610.0,0.0,43.0,21.0,5.8,,78,2,27,4,0,18,0.0
22.1,53,1002.7,2026-04-27 03:00:00,31.1,30.3,611.0,0.0,37.7,20.0,5.0,,77,3,27,4,0,18,-1.0
22.2,49,1002.1,2026-04-27 04:00:00,26.3,25.6,610.0,0.0,32.1,22.0,4.4,,77,4,27,4,0,18,0.0
22.5,47,1002.0,2026-04-27 05:00:00,18.6,17.9,625.0,0.0,25.6,25.0,3.8,,77,5,27,4,0,18,0.0
22.5,50,1002.4,2026-04-27 06:00:00,16.4,15.5,690.0,1.1,22.4,34.0,4.0,,76,6,27,4,0,18,-1.0
23.7,52,1003.3,2026-04-27 07:00:00,16.0,15.2,770.0,2.6,17.9,47.0,4.2,,75,7,27,4,0,18,-1.0
25.6,48,1003.7,2026-04-27 08:00:00,17.9,16.8,780.0,3.4,14.1,66.0,4.8,,75,8,27,4,0,18,0.0
28.0,39,1004.1,2026-04-27 09:00:00,19.3,17.3,654.0,2.9,11.7,96.0,6.1,,75,9,27,4,0,18,0.0
29.7,32,1004.0,2026-04-27 10:00:00,20.2,17.2,459.0,1.7,10.0,133.0,7.7,,75,10,27,4,0,18,0.0
31.2,29,1003.9,2026-04-27 11:00:00,21.1,16.5,307.0,0.8,8.3,161.0,8.6,,75,11,27,4,0,18,0.0
33.0,27,1003.3,2026-04-27 12:00:00,20.4,14.7,243.0,0.5,6.2,174.0,8.2,,75,12,27,4,0,18,0.0
34.1,27,1002.5,2026-04-27 13:00:00,18.9,13.4,223.0,0.4,4.3,180.0,7.1,,75,13,27,4,0,18,0.0
34.2,26,1001.7,2026-04-27 14:00:00,18.0,12.8,225.0,0.4,3.4,181.0,6.3,,75,14,27,4,0,18,0.0
34.2,26,1000.8,2026-04-27 15:00:00,17.2,12.3,232.0,0.4,3.1,181.0,5.9,,87,15,27,4,0,18,12.0
33.7,29,1000.0,2026-04-27 16:00:00,16.7,11.9,262.0,0.3,3.9,177.0,5.7,,116,16,27,4,0,18,29.0
32.8,35,999.8,2026-04-27 17:00:00,13.9,10.3,343.0,0.3,6.7,164.0,5.2,,139,17,27,4,0,18,23.0
30.0,57,999.7,2026-04-27 18:00:00,20.2,17.4,527.0,0.2,18.1,141.0,6.3,,153,18,27,4,0,18,14.0
27.9,58,1000.0,2026-04-27 19:00:00,29.8,26.9,763.0,0.1,33.6,109.0,7.9,,154,19,27,4,0,18,1.0
27.0,56,1000.3,2026-04-27 20:00:00,39.9,36.7,926.0,0.0,44.2,83.0,8.9,,145,20,27,4,0,18,-9.0
26.9,53,1001.0,2026-04-27 21:00:00,48.5,44.8,972.0,0.0,45.9,67.0,9.0,,125,21,27,4,0,18,-20.0
26.4,46,1001.7,2026-04-27 22:00:00,50.6,46.6,944.0,0.0,42.7,57.0,8.5,,101,22,27,4,0,18,-24.0
27.6,32,1002.0,2026-04-27 23:00:00,34.1,30.5,851.0,0.0,37.7,51.0,7.7,,79,23,27,4,0,18,-22.0
27.9,31,1002.1,2026-04-28 00:00:00,24.4,19.7,650.0,0.0,30.5,52.0,6.4,,78,0,28,4,1,18,-1.0
26.4,38,1002.8,2026-04-28 01:00:00,20.7,15.3,383.0,0.0,21.5,57.0,4.9,,76,1,28,4,1,18,-2.0
26.6,38,1002.6,2026-04-28 02:00:00,19.7,13.0,187.0,0.0,14.6,62.0,3.7,,74,2,28,4,1,18,-2.0
25.5,41,1002.7,2026-04-28 03:00:00,20.4,11.9,125.0,0.0,11.8,63.0,3.2,,72,3,28,4,1,18,-2.0
24.5,44,1003.2,2026-04-28 04:00:00,22.5,11.7,133.0,0.0,11.2,63.0,3.2,,71,4,28,4,1,18,-1.0
23.0,58,1002.4,2026-04-28 05:00:00,24.1,20.0,158.0,0.0,23.5,35.0,4.4,,70,5,28,4,1,18,-1.0
24.1,54,1003.1,2026-04-28 06:00:00,22.1,17.6,192.0,0.8,21.4,45.0,4.8,,70,6,28,4,1,18,0.0
25.2,50,1003.9,2026-04-28 07:00:00,22.3,17.5,241.0,1.9,18.3,59.0,5.3,,70,7,28,4,1,18,0.0
25.7,49,1004.5,2026-04-28 08:00:00,26.5,18.6,273.0,2.5,14.9,77.0,5.5,,70,8,28,4,1,18,0.0
27.2,47,1004.5,2026-04-28 09:00:00,38.1,18.3,269.0,2.0,10.7,102.0,5.2,,70,9,28,4,1,18,0.0
28.5,45,1005.5,2026-04-28 10:00:00,37.8,16.3,248.0,1.1,6.1,131.0,4.6,,70,10,28,4,1,18,0.0
29.7,42,1004.3,2026-04-28 11:00:00,34.9,15.9,226.0,0.3,2.8,151.0,4.1,,70,11,28,4,1,18,0.0
30.5,40,1004.0,2026-04-28 12:00:00,29.2,14.1,206.0,0.1,1.5,156.0,3.6,,70,12,28,4,1,18,0.0
28.1,48,1005.4,2026-04-28 13:00:00,25.5,12.5,186.0,0.1,1.4,154.0,3.2,,70,13,28,4,1,18,0.0
27.4,51,1004.3,2026-04-28 14:00:00,26.4,12.4,177.0,0.2,1.7,150.0,3.0,,70,14,28,4,1,18,0.0
25.9,61,1005.3,2026-04-28 15:00:00,24.9,12.3,179.0,0.2,1.1,150.0,3.0,,75,15,28,4,1,18,5.0
26.2,60,1004.5,2026-04-28 16:00:00,24.4,12.4,192.0,0.2,0.9,149.0,3.2,,94,16,28,4,1,18,19.0
27.9,47,1003.5,2026-04-28 17:00:00,29.1,16.5,224.0,0.0,4.9,135.0,6.4,,110,17,28,4,1,18,16.0
26.7,64,1004.3,2026-04-28 18:00:00,30.4,19.8,291.0,0.0,5.9,128.0,6.4,,117,18,28,4,1,18,7.0
24.6,70,1004.4,2026-04-28 19:00:00,30.3,21.0,377.0,0.0,7.4,119.0,6.4,,116,19,28,4,1,18,-1.0
23.9,76,1005.1,2026-04-28 20:00:00,29.2,21.4,447.0,0.0,9.6,108.0,6.5,,109,20,28,4,1,18,-7.0
23.3,79,1005.9,2026-04-28 21:00:00,31.4,23.5,487.0,0.0,13.0,95.0,6.8,,99,21,28,4,1,18,-10.0
23.2,77,1006.2,2026-04-28 22:00:00,35.4,27.3,510.0,0.0,17.1,81.0,7.2,,86,22,28,4,1,18,-13.0
21.0,86,1007.4,2026-04-28 23:00:00,39.0,30.7,523.0,0.0,20.6,68.0,7.4,,72,23,28,4,1,18,-14.0
19.5,90,1006.8,2026-04-29 00:00:00,41.9,33.5,530.0,0.0,23.0,57.0,7.2,,66,0,29,4,2,18,-6.0
20.1,91,1006.3,2026-04-29 01:00:00,43.7,35.3,527.0,0.0,24.9,48.0,6.9,,67,1,29,4,2,18,1.0
19.8,88,1005.6,2026-04-29 02:00:00,44.5,36.4,506.0,0.0,26.2,40.0,6.4,,69,2,29,4,2,18,2.0
19.5,92,1005.3,2026-04-29 03:00:00,45.3,37.1,452.0,0.0,27.5,31.0,5.6,,71,3,29,4,2,18,2.0
19.1,92,1004.9,2026-04-29 04:00:00,46.2,37.8,379.0,0.0,28.2,24.0,4.8,,72,4,29,4,2,18,1.0
19.4,90,1003.7,2026-04-29 05:00:00,61.7,53.3,323.0,0.3,36.4,17.0,3.7,,75,5,29,4,2,18,3.0
20.2,84,1004.0,2026-04-29 06:00:00,58.7,50.8,303.0,1.5,31.6,34.0,5.4,,77,6,29,4,2,18,2.0
22.3,75,1004.2,2026-04-29 07:00:00,59.4,50.8,301.0,3.0,24.8,58.0,7.7,,80,7,29,4,2,18,3.0
24.5,64,1004.4,2026-04-29 08:00:00,52.5,41.8,291.0,3.8,18.3,84.0,9.0,,82,8,29,4,2,18,2.0
26.7,54,1004.4,2026-04-29 09:00:00,40.6,29.7,261.0,3.0,12.4,115.0,8.6,,84,9,29,4,2,18,2.0
28.6,45,1004.6,2026-04-29 10:00:00,31.5,21.2,224.0,1.5,6.8,147.0,7.3,,85,10,29,4,2,18,1.0
29.4,37,1004.9,2026-04-29 11:00:00,30.3,17.9,197.0,0.3,2.8,168.0,6.0,,85,11,29,4,2,18,0.0
30.3,36,1004.5,2026-04-29 12:00:00,31.5,15.7,187.0,0.0,1.2,169.0,4.9,,86,12,29,4,2,18,1.0
30.9,34,1003.7,2026-04-29 13:00:00,30.3,13.9,186.0,0.1,1.1,159.0,3.8,,86,13,29,4,2,18,0.0
31.1,34,1003.2,2026-04-29 14:00:00,28.9,12.7,189.0,0.2,1.4,149.0,3.1,,86,14,29,4,2,18,0.0
28.0,48,1003.6,2026-04-29 15:00:00,27.9,12.3,187.0,0.2,1.3,146.0,3.0,,90,15,29,4,2,18,4.0
28.7,42,1003.1,2026-04-29 16:00:00,27.4,12.1,188.0,0.2,1.6,144.0,3.4,,108,16,29,4,2,18,18.0
29.4,38,1002.7,2026-04-29 17:00:00,16.1,7.9,208.0,0.2,2.7,136.0,4.5,,121,17,29,4,2,18,13.0
27.7,45,1002.9,2026-04-29 18:00:00,19.2,11.4,265.0,0.1,12.1,117.0,5.4,,126,18,29,4,2,18,5.0
25.5,53,1003.4,2026-04-29 19:00:00,29.6,21.5,341.0,0.1,24.9,91.0,6.7,,119,19,29,4,2,18,-7.0
24.7,54,1003.9,2026-04-29 20:00:00,37.4,29.5,398.0,0.0,33.7,70.0,7.6,,103,20,29,4,2,18,-16.0
24.0,60,1004.5,2026-04-29 21:00:00,37.4,29.9,417.0,0.0,34.3,62.0,7.9,,85,21,29,4,2,18,-18.0
23.1,64,1004.7,2026-04-29 22:00:00,37.8,30.7,416.0,0.0,30.9,59.0,7.9,,86,22,29,4,2,18,1.0
22.6,70,1004.6,2026-04-29 23:00:00,38.9,32.4,417.0,0.0,28.5,56.0,7.7,,86,23,29,4,2,18,0.0
22.9,69,1004.2,2026-04-30 00:00:00,39.8,33.9,429.0,0.0,29.3,49.0,7.5,,86,0,30,4,3,18,0.0
22.9,68,1004.1,2026-04-30 01:00:00,40.3,34.9,443.0,0.0,31.2,41.0,7.2,,86,1,30,4,3,18,0.0
22.3,69,1003.5,2026-04-30 02:00:00,40.7,35.6,447.0,0.0,32.8,33.0,6.8,,86,2,30,4,3,18,0.0
20.9,76,1003.7,2026-04-30 03:00:00,41.0,36.2,424.0,0.0,34.3,24.0,6.2,,86,3,30,4,3,18,0.0
20.0,80,1003.8,2026-04-30 04:00:00,41.0,36.3,392.0,0.0,35.6,15.0,5.5,,86,4,30,4,3,18,0.0
19.9,78,1003.6,2026-04-30 05:00:00,36.6,31.4,391.0,0.0,26.9,28.0,4.5,,86,5,30,4,3,18,0.0
20.8,76,1004.0,2026-04-30 06:00:00,37.5,32.5,464.0,0.8,23.3,43.0,5.4,,84,6,30,4,3,18,-2.0
22.7,72,1004.9,2026-04-30 07:00:00,37.0,32.7,569.0,1.8,18.1,66.0,6.6,,83,7,30,4,3,18,-1.0
24.4,65,1005.4,2026-04-30 08:00:00,33.1,27.5,618.0,2.3,13.2,89.0,7.3,,81,8,30,4,3,18,-2.0
26.4,58,1005.5,2026-04-30 09:00:00,23.5,16.2,559.0,1.8,8.9,114.0,6.8,,80,9,30,4,3,18,-1.0
28.1,50,1005.8,2026-04-30 10:00:00,22.8,14.4,446.0,0.9,4.9,140.0,5.8,,79,10,30,4,3,18,-1.0
29.4,41,1005.7,2026-04-30 11:00:00,24.1,13.9,350.0,0.2,2.1,159.0,4.9,,79,11,30,4,3,18,0.0
30.5,38,1005.0,2026-04-30 12:00:00,23.5,13.4,298.0,0.0,1.1,165.0,4.5,,78,12,30,4,3,18,-1.0
31.2,36,1004.1,2026-04-30 13:00:00,23.9,13.2,263.0,0.1,1.2,163.0,4.4,,78,13,30,4,3,18,0.0
30.7,38,1003.9,2026-04-30 14:00:00,24.2,13.1,243.0,0.2,1.6,161.0,4.2,,78,14,30,4,3,18,0.0
29.9,40,1004.2,2026-04-30 15:00:00,25.1,13.3,227.0,0.2,1.2,162.0,3.9,,91,15,30,4,3,18,13.0
28.7,45,1004.0,2026-04-30 16:00:00,24.3,13.2,225.0,0.1,1.0,163.0,3.7,,112,16,30,4,3,18,21.0
28.4,47,1003.6,2026-04-30 17:00:00,18.9,10.5,265.0,0.2,3.1,148.0,4.1,,128,17,30,4,3,18,16.0
27.8,61,1003.5,2026-04-30 18:00:00,21.5,13.0,385.0,0.1,10.7,130.0,4.8,,135,18,30,4,3,18,7.0
26.3,57,1003.6,2026-04-30 19:00:00,30.9,23.0,546.0,0.0,21.2,106.0,5.9,,133,19,30,4,3,18,-2.0
25.0,59,1003.6,2026-04-30 20:00:00,38.0,30.7,662.0,0.0,29.6,85.0,6.8,,121,20,30,4,3,18,-12.0
24.1,62,1004.2,2026-04-30 21:00:00,42.7,35.7,686.0,0.0,33.5,73.0,7.5,,104,21,30,4,3,18,-17.0
23.7,63,1004.8,2026-04-30 22:00:00,46.6,39.8,664.0,0.1,35.3,65.0,8.0,,85,22,30,4,3,18,-19.0
23.4,62,1004.9,2026-04-30 23:00:00,47.5,41.2,647.0,0.2,36.7,57.0,8.3,,80,23,30,4,3,18,-5.0
23.2,64,1004.8,2026-05-01 00:00:00,48.0,41.9,659.0,0.2,38.3,49.0,8.2,,81,0,1,5,4,18,1.0
22.2,71,1004.6,2026-05-01 01:00:00,49.2,43.5,676.0,0.1,39.6,42.0,7.9,,81,1,1,5,4,18,0.0
21.5,76,1004.5,2026-05-01 02:00:00,49.4,43.9,674.0,0.1,40.2,36.0,7.6,,82,2,1,5,4,18,1.0
21.4,76,1004.6,2026-05-01 03:00:00,48.9,43.8,625.0,0.0,40.7,28.0,7.4,,83,3,1,5,4,18,1.0
21.5,74,1004.4,2026-05-01 04:00:00,48.2,43.3,557.0,0.0,40.6,22.0,7.2,,83,4,1,5,4,18,0.0
20.5,80,1004.4,2026-05-01 05:00:00,47.4,43.1,532.0,1.1,40.3,14.0,5.5,,84,5,1,5,4,18,1.0
20.7,81,1004.9,2026-05-01 06:00:00,46.1,42.0,612.0,1.8,34.5,35.0,6.5,,85,6,1,5,4,18,1.0
22.7,74,1005.7,2026-05-01 07:00:00,44.2,40.6,735.0,2.6,26.2,65.0,7.8,,85,7,1,5,4,18,0.0
25.0,62,1006.1,2026-05-01 08:00:00,42.8,38.5,778.0,3.0,18.6,96.0,8.6,,86,8,1,5,4,18,1.0
27.0,52,1006.1,2026-05-01 09:00:00,36.2,31.1,656.0,2.3,12.3,130.0,8.5,,87,9,1,5,4,18,1.0
28.7,46,1006.1,2026-05-01 10:00:00,27.0,20.8,454.0,1.2,6.7,165.0,7.8,,88,10,1,5,4,18,1.0
29.9,40,1005.9,2026-05-01 11:00:00,25.7,18.3,301.0,0.3,2.7,188.0,7.0,,89,11,1,5,4,18,1.0
31.3,34,1005.3,2026-05-01 12:00:00,25.7,16.7,256.0,0.1,1.1,192.0,6.1,,89,12,1,5,4,18,0.0
32.2,30,1004.3,2026-05-01 13:00:00,26.4,15.7,260.0,0.1,1.3,185.0,5.1,,89,13,1,5,4,18,0.0
32.5,28,1003.3,2026-05-01 14:00:00,27.0,15.0,272.0,0.2,1.8,178.0,4.3,,91,14,1,5,4,18,2.0
32.4,29,1002.5,2026-05-01 15:00:00,27.1,14.2,262.0,0.2,1.4,176.0,3.8,,122,15,1,5,4,18,31.0
31.6,33,1002.0,2026-05-01 16:00:00,27.0,13.7,259.0,0.2,1.5,173.0,3.7,,145,16,1,5,4,18,23.0
31.7,32,1001.6,2026-05-01 17:00:00,21.8,11.3,310.0,0.2,3.2,169.0,3.6,,159,17,1,5,4,18,14.0
29.3,53,1001.4,2026-05-01 18:00:00,25.3,15.5,470.0,0.1,8.7,149.0,4.1,,165,18,1,5,4,18,6.0
27.5,51,1001.7,2026-05-01 19:00:00,31.2,22.9,684.0,0.1,16.2,121.0,4.8,,162,19,1,5,4,18,-3.0
26.8,52,1002.1,2026-05-01 20:00:00,30.6,23.8,836.0,0.0,21.4,98.0,5.4,,152,20,1,5,4,18,-10.0
26.2,54,1002.5,2026-05-01 21:00:00,27.8,22.4,870.0,0.0,21.3,88.0,5.7,,132,21,1,5,4,18,-20.0
25.9,52,1002.7,2026-05-01 22:00:00,26.2,21.8,841.0,0.0,18.9,84.0,5.8,,112,22,1,5,4,18,-20.0
25.7,45,1002.6,2026-05-01 23:00:00,27.3,23.5,797.0,0.0,18.3,78.0,5.9,,92,23,1,5,4,18,-20.0
25.3,45,1002.5,2026-05-02 00:00:00,30.7,27.0,747.0,0.0,22.1,65.0,5.9,,85,0,2,5,5,18,-7.0
24.7,50,1002.5,2026-05-02 01:00:00,34.5,30.7,682.0,0.0,27.7,49.0,5.9,,84,1,2,5,5,18,-1.0
23.1,54,1002.4,2026-05-02 02:00:00,37.3,33.2,628.0,0.0,32.3,36.0,5.8,,83,2,2,5,5,18,-1.0
22.6,56,1002.3,2026-05-02 03:00:00,39.1,34.7,592.0,0.0,35.4,25.0,5.6,,82,3,2,5,5,18,-1.0
22.8,55,1002.1,2026-05-02 04:00:00,40.5,35.7,565.0,0.0,37.5,16.0,5.3,,82,4,2,5,5,18,0.0
20.8,69,1002.5,2026-05-02 05:00:00,32.0,27.0,552.0,0.0,25.7,34.0,4.7,,81,5,2,5,5,18,-1.0
21.2,72,1002.7,2026-05-02 06:00:00,35.0,29.8,566.0,1.1,23.2,44.0,5.5,,80,6,2,5,5,18,-1.0
24.0,59,1003.1,2026-05-02 07:00:00,35.7,30.9,592.0,2.5,19.6,60.0,6.7,,79,7,2,5,5,18,-1.0
26.6,52,1003.5,2026-05-02 08:00:00,36.4,29.3,591.0,3.3,15.7,81.0,7.3,,78,8,2,5,5,18,-1.0
29.0,44,1003.7,2026-05-02 09:00:00,30.6,20.5,537.0,2.7,11.1,112.0,6.9,,77,9,2,5,5,18,-1.0
30.7,39,1003.6,2026-05-02 10:00:00,25.9,15.5,455.0,1.3,6.2,148.0,5.9,,77,10,2,5,5,18,0.0
31.8,34,1003.4,2026-05-02 11:00:00,24.7,14.2,383.0,0.3,2.7,174.0,5.2,,76,11,2,5,5,18,-1.0
33.2,31,1002.8,2026-05-02 12:00:00,27.0,14.5,330.0,0.1,1.3,181.0,5.0,,76,12,2,5,5,18,0.0
33.3,28,1002.5,2026-05-02 13:00:00,31.4,14.9,287.0,0.1,1.3,177.0,5.0,,76,13,2,5,5,18,0.0
33.0,27,1001.4,2026-05-02 14:00:00,34.0,15.3,258.0,0.2,1.9,172.0,5.1,,76,14,2,5,5,18,0.0
32.2,28,1001.0,2026-05-02 15:00:00,35.4,15.7,236.0,0.2,2.5,169.0,5.3,,102,15,2,5,5,18,26.0
32.0,29,1000.5,2026-05-02 16:00:00,35.7,16.3,228.0,0.1,3.6,164.0,5.6,,125,16,2,5,5,18,23.0
30.9,39,999.0,2026-05-02 17:00:00,25.4,11.4,263.0,0.1,5.0,148.0,3.8,,142,17,2,5,5,18,17.0
29.1,40,999.8,2026-05-02 18:00:00,25.8,15.7,392.0,0.1,9.2,133.0,4.4,,150,18,2,5,5,18,8.0
26.6,45,999.9,2026-05-02 19:00:00,26.9,18.5,564.0,0.0,15.1,112.0,5.2,,147,19,2,5,5,18,-3.0
25.7,44,1000.0,2026-05-02 20:00:00,29.9,22.4,656.0,0.0,20.5,92.0,5.8,,134,20,2,5,5,18,-13.0
23.6,52,1001.2,2026-05-02 21:00:00,33.8,26.3,594.0,0.0,24.9,75.0,6.2,,115,21,2,5,5,18,-19.0
24.1,46,1001.7,2026-05-02 22:00:00,36.9,29.7,452.0,0.0,28.7,59.0,6.5,,93,22,2,5,5,18,-22.0
21.4,59,1003.5,2026-05-02 23:00:00,36.8,31.1,332.0,0.0,30.9,47.0,6.5,,76,23,2,5,5,18,-17.0
22.7,50,1003.7,2026-05-03 00:00:00,33.1,28.2,271.0,0.0,30.5,40.0,6.1,,77,0,3,5,6,18,1.0
21.8,53,1002.4,2026-05-03 01:00:00,32.7,27.2,233.0,0.0,28.6,37.0,5.4,,77,1,3,5,6,18,0.0
20.6,61,1003.0,2026-05-03 02:00:00,32.1,26.7,209.0,0.0,27.3,34.0,4.9,,77,2,3,5,6,18,0.0
20.1,65,1002.5,2026-05-03 03:00:00,31.0,25.2,201.0,0.0,28.1,28.0,4.5,,76,3,3,5,6,18,-1.0
20.7,61,1002.4,2026-05-03 04:00:00,32.4,25.5,208.0,0.0,29.6,22.0,4.3,,76,4,3,5,6,18,0.0
18.1,89,1003.8,2026-05-03 05:00:00,38.2,30.4,221.0,0.0,28.9,23.0,4.3,,75,5,3,5,6,18,-1.0
18.5,84,1004.0,2026-05-03 06:00:00,40.4,32.1,243.0,1.0,25.2,38.0,5.1,,75,6,3,5,6,18,0.0
21.5,72,1004.4,2026-05-03 07:00:00,38.8,32.0,271.0,2.2,20.0,60.0,6.1,,75,7,3,5,6,18,0.0
24.0,59,1004.8,2026-05-03 08:00:00,38.0,27.7,285.0,2.9,14.9,83.0,6.5,,75,8,3,5,6,18,0.0
25.7,54,1005.0,2026-05-03 09:00:00,33.6,18.8,274.0,2.3,10.1,109.0,5.9,,75,9,3,5,6,18,0.0
27.5,48,1004.8,2026-05-03 10:00:00,33.6,16.1,249.0,1.2,5.5,137.0,4.7,,75,10,3,5,6,18,0.0
27.4,45,1005.4,2026-05-03 11:00:00,37.0,15.5,227.0,0.3,2.2,156.0,3.7,,75,11,3,5,6,18,0.0
29.2,38,1005.1,2026-05-03 12:00:00,43.5,16.2,210.0,0.1,0.9,162.0,3.1,,75,12,3,5,6,18,0.0
30.5,33,1004.8,2026-05-03 13:00:00,44.5,15.9,194.0,0.1,0.9,160.0,2.7,,75,13,3,5,6,18,0.0
31.3,29,1004.0,2026-05-03 14:00:00,41.3,14.9,191.0,0.2,1.4,156.0,2.4,,75,14,3,5,6,18,0.0
31.0,30,1003.4,2026-05-03 15:00:00,38.4,14.1,197.0,0.2,1.5,155.0,2.3,,84,15,3,5,6,18,9.0
28.5,40,1004.3,2026-05-03 16:00:00,36.2,13.6,214.0,0.1,2.1,152.0,2.5,,104,16,3,5,6,18,20.0
30.0,33,1002.8,2026-05-03 17:00:00,29.8,11.4,259.0,0.1,2.9,150.0,2.5,,119,17,3,5,6,18,15.0
27.9,41,1003.3,2026-05-03 18:00:00,29.5,14.3,370.0,0.1,11.2,129.0,3.4,,128,18,3,5,6,18,9.0
25.9,48,1003.6,2026-05-03 19:00:00,35.6,21.7,508.0,0.0,22.7,99.0,4.7,,126,19,3,5,6,18,-2.0
24.7,50,1004.0,2026-05-03 20:00:00,44.1,30.6,579.0,0.0,32.6,73.0,5.8,,114,20,3,5,6,18,-12.0
24.9,47,1004.7,2026-05-03 21:00:00,51.1,38.4,517.0,0.0,39.3,54.0,6.5,,95,21,3,5,6,18,-19.0
24.5,49,1005.3,2026-05-03 22:00:00,54.6,43.1,387.0,0.0,44.3,38.0,6.9,,77,22,3,5,6,18,-18.0
22.1,62,1005.3,2026-05-03 23:00:00,56.0,45.8,288.0,0.0,47.0,27.0,7.0,,78,23,3,5,6,18,1.0
21.8,63,1005.3,2026-05-04 00:00:00,54.7,45.8,261.0,0.0,46.5,21.0,6.6,,79,0,4,5,0,19,1.0
21.2,64,1005.0,2026-05-04 01:00:00,51.8,43.8,264.0,0.0,43.8,19.0,5.8,,80,1,4,5,0,19,1.0
20.7,68,1004.7,2026-05-04 02:00:00,48.3,41.2,272.0,0.0,41.0,18.0,5.1,,82,2,4,5,0,19,2.0
19.8,71,1005.3,2026-05-04 03:00:00,45.1,38.8,275.0,0.0,39.2,15.0,4.6,,83,3,4,5,0,19,1.0
19.9,68,1005.4,2026-05-04 04:00:00,43.2,37.3,284.0,0.0,37.3,12.0,4.3,,84,4,4,5,0,19,1.0
20.7,60,1004.4,2026-05-04 05:00:00,41.1,35.4,303.0,0.0,34.4,19.0,4.8,,85,5,4,5,0,19,1.0
21.5,60,1005.3,2026-05-04 06:00:00,40.2,35.3,348.0,1.1,30.3,35.0,5.5,,85,6,4,5,0,19,0.0
23.6,56,1006.3,2026-05-04 07:00:00,39.7,35.5,404.0,2.5,24.3,58.0,6.4,,86,7,4,5,0,19,1.0
24.8,50,1007.0,2026-05-04 08:00:00,39.5,33.9,429.0,3.2,18.5,81.0,6.8,,86,8,4,5,0,19,0.0
26.2,48,1007.3,2026-05-04 09:00:00,34.5,26.5,397.0,2.6,12.8,104.0,6.3,,86,9,4,5,0,19,0.0
27.6,42,1007.6,2026-05-04 10:00:00,26.0,17.1,334.0,1.4,7.3,126.0,5.3,,87,10,4,5,0,19,1.0
29.3,37,1007.2,2026-05-04 11:00:00,20.2,11.8,282.0,0.4,3.2,143.0,4.3,,87,11,4,5,0,19,0.0
30.1,32,1006.9,2026-05-04 12:00:00,18.2,9.3,253.0,0.1,1.5,150.0,3.5,,87,12,4,5,0,19,0.0
29.7,31,1007.1,2026-05-04 13:00:00,18.0,8.6,234.0,0.2,1.4,151.0,2.8,,86,13,4,5,0,19,-1.0
26.1,45,1007.5,2026-05-04 14:00:00,17.8,8.5,228.0,0.2,1.6,151.0,2.4,,86,14,4,5,0,19,0.0
29.2,33,1006.2,2026-05-04 15:00:00,18.2,9.2,237.0,0.2,1.3,155.0,2.5,,85,15,4,5,0,19,-1.0
28.8,32,1006.2,2026-05-04 16:00:00,19.0,10.1,260.0,0.2,1.3,158.0,3.0,,92,16,4,5,0,19,7.0
29.0,29,1005.1,2026-05-04 17:00:00,7.6,7.6,293.0,0.1,3.1,169.0,7.6,,109,17,4,5,0,19,17.0
27.8,34,1005.5,2026-05-04 18:00:00,15.4,9.9,341.0,0.1,9.4,152.0,8.1,,122,18,4,5,0,19,13.0
26.1,38,1006.6,2026-05-04 19:00:00,26.3,16.5,400.0,0.0,18.2,129.0,8.8,,128,19,4,5,0,19,6.0
24.1,45,1007.1,2026-05-04 20:00:00,39.2,27.4,450.0,0.0,26.2,107.0,9.5,,125,20,4,5,0,19,-3.0
22.5,52,1007.9,2026-05-04 21:00:00,49.7,36.6,490.0,0.0,32.9,89.0,10.1,,116,21,4,5,0,19,-9.0
20.7,63,1009.0,2026-05-04 22:00:00,57.2,42.8,522.0,0.0,38.8,72.0,10.7,,103,22,4,5,0,19,-13.0
21.8,63,1008.7,2026-05-04 23:00:00,59.8,45.4,530.0,0.0,42.2,59.0,10.9,,86,23,4,5,0,19,-17.0
21.0,65,1008.8,2026-05-05 00:00:00,57.3,43.7,492.0,0.0,41.6,54.0,10.7,,83,0,5,5,1,19,-3.0
20.4,67,1008.9,2026-05-05 01:00:00,53.7,41.1,431.0,0.0,38.6,52.0,10.1,,83,1,5,5,1,19,0.0
19.4,72,1009.1,2026-05-05 02:00:00,51.0,39.8,393.0,0.0,36.3,50.0,9.5,,83,2,5,5,1,19,0.0
18.2,80,1009.7,2026-05-05 03:00:00,49.6,39.6,401.0,0.0,36.8,40.0,8.8,,82,3,5,5,1,19,-1.0
17.7,81,1010.5,2026-05-05 04:00:00,48.9,39.7,433.0,0.0,38.1,29.0,8.0,,82,4,5,5,1,19,0.0
19.0,71,1010.9,2026-05-05 05:00:00,40.9,33.5,472.0,0.0,31.0,29.0,6.5,,83,5,5,5,1,19,1.0
19.4,74,1011.8,2026-05-05 06:00:00,42.0,33.8,528.0,0.7,26.6,49.0,7.5,,83,6,5,5,1,19,0.0
21.1,68,1012.8,2026-05-05 07:00:00,43.3,34.5,592.0,1.6,20.3,77.0,8.8,,82,7,5,5,1,19,-1.0
23.2,61,1013.4,2026-05-05 08:00:00,47.4,33.3,614.0,2.1,14.5,106.0,9.7,,82,8,5,5,1,19,0.0
25.2,53,1013.4,2026-05-05 09:00:00,37.8,28.5,560.0,1.7,9.7,135.0,9.9,,82,9,5,5,1,19,0.0
27.1,46,1013.3,2026-05-05 10:00:00,33.8,18.5,465.0,0.8,5.3,164.0,9.7,,82,10,5,5,1,19,0.0
28.0,41,1013.4,2026-05-05 11:00:00,61.7,24.0,385.0,0.2,2.2,184.0,9.2,,83,11,5,5,1,19,1.0
29.4,35,1012.9,2026-05-05 12:00:00,66.8,24.9,341.0,0.0,1.1,188.0,8.3,,83,12,5,5,1,19,0.0
30.0,32,1012.3,2026-05-05 13:00:00,63.1,23.6,312.0,0.1,1.2,183.0,7.0,,85,13,5,5,1,19,2.0
30.3,31,1011.2,2026-05-05 14:00:00,60.1,22.6,297.0,0.1,1.6,178.0,5.9,,98,14,5,5,1,19,13.0
30.6,29,1010.5,2026-05-05 15:00:00,58.8,22.2,280.0,0.1,1.2,178.0,5.0,,125,15,5,5,1,19,27.0
30.2,30,1010.0,2026-05-05 16:00:00,57.6,21.7,277.0,0.2,1.0,177.0,4.3,,146,16,5,5,1,19,21.0
29.4,30,1009.5,2026-05-05 17:00:00,41.8,15.4,326.0,0.1,2.8,171.0,4.4,,159,17,5,5,1,19,13.0
27.2,41,1009.2,2026-05-05 18:00:00,42.8,19.4,483.0,0.1,10.1,153.0,5.3,,164,18,5,5,1,19,5.0
25.5,43,1009.2,2026-05-05 19:00:00,44.9,26.3,694.0,0.0,20.2,128.0,6.5,,163,19,5,5,1,19,-1.0
24.7,49,1009.6,2026-05-05 20:00:00,49.2,32.8,833.0,0.0,28.4,106.0,7.6,,154,20,5,5,1,19,-9.0
24.2,43,1009.9,2026-05-05 21:00:00,53.4,38.1,837.0,0.0,32.7,92.0,8.4,,138,21,5,5,1,19,-16.0
23.8,43,1009.9,2026-05-05 22:00:00,56.9,43.3,770.0,0.0,35.1,82.0,9.0,,118,22,5,5,1,19,-20.0
24.3,42,1009.6,2026-05-05 23:00:00,57.3,45.3,702.0,0.0,36.7,73.0,9.2,,98,23,5,5,1,19,-20.0
23.7,44,1009.1,2026-05-06 00:00:00,57.0,45.6,649.0,0.1,37.7,64.0,8.9,,92,0,6,5,2,19,-6.0
21.7,52,1008.8,2026-05-06 01:00:00,57.9,46.6,596.0,0.2,37.9,55.0,8.2,,92,1,6,5,2,19,0.0
20.3,60,1008.5,2026-05-06 02:00:00,58.4,47.4,563.0,0.3,37.6,47.0,7.5,,92,2,6,5,2,19,0.0
19.7,62,1008.5,2026-05-06 03:00:00,58.2,47.1,566.0,0.1,37.5,37.0,6.8,,93,3,6,5,2,19,1.0
19.8,61,1008.6,2026-05-06 04:00:00,57.2,46.0,590.0,0.0,36.9,27.0,6.1,,93,4,6,5,2,19,0.0
19.7,63,1008.1,2026-05-06 05:00:00,66.4,51.7,611.0,0.0,42.7,23.0,6.8,,94,5,6,5,2,19,1.0
20.2,68,1008.5,2026-05-06 06:00:00,62.2,49.5,632.0,0.8,35.7,48.0,7.5,,95,6,6,5,2,19,1.0
22.2,60,1009.1,2026-05-06 07:00:00,57.7,47.5,651.0,1.8,25.9,84.0,8.5,,97,7,6,5,2,19,2.0
24.6,54,1009.6,2026-05-06 08:00:00,56.2,46.7,636.0,2.4,17.3,119.0,9.1,,98,8,6,5,2,19,1.0
26.9,45,1009.4,2026-05-06 09:00:00,47.1,36.9,561.0,2.0,11.1,152.0,9.1,,99,9,6,5,2,19,1.0
28.8,38,1009.1,2026-05-06 10:00:00,37.4,24.2,454.0,1.0,6.0,184.0,8.8,,99,10,6,5,2,19,0.0
30.1,34,1008.6,2026-05-06 11:00:00,37.1,21.2,364.0,0.3,2.5,206.0,8.2,,100,11,6,5,2,19,1.0
31.7,29,1007.4,2026-05-06 12:00:00,30.3,18.0,309.0,0.1,1.2,211.0,7.2,,100,12,6,5,2,19,0.0
32.7,25,1006.6,2026-05-06 13:00:00,24.7,15.5,272.0,0.2,1.4,206.0,6.0,,99,13,6,5,2,19,-1.0
32.9,25,1005.6,2026-05-06 14:00:00,21.1,13.8,252.0,0.2,1.9,200.0,5.1,,124,14,6,5,2,19,25.0
33.2,23,1004.7,2026-05-06 15:00:00,19.2,12.8,246.0,0.2,1.8,200.0,4.6,,155,15,6,5,2,19,31.0
32.9,24,1003.8,2026-05-06 16:00:00,17.8,11.9,258.0,0.2,1.9,199.0,4.4,,173,16,6,5,2,19,18.0
32.5,28,1003.2,2026-05-06 17:00:00,3.8,3.8,296.0,0.2,3.1,186.0,4.0,,186,17,6,5,2,19,13.0
29.6,50,1002.7,2026-05-06 18:00:00,9.2,9.1,382.0,0.1,9.8,165.0,4.7,,191,18,6,5,2,19,5.0
26.0,50,1002.9,2026-05-06 19:00:00,14.9,14.8,493.0,0.1,19.2,136.0,5.6,,188,19,6,5,2,19,-3.0
25.5,46,1003.1,2026-05-06 20:00:00,21.7,21.3,575.0,0.0,26.7,111.0,6.4,,177,20,6,5,2,19,-11.0
24.4,48,1003.5,2026-05-06 21:00:00,27.1,26.6,597.0,0.0,30.6,96.0,6.9,,161,21,6,5,2,19,-16.0
23.4,52,1004.2,2026-05-06 22:00:00,32.6,31.7,590.0,0.0,32.6,85.0,7.3,,142,22,6,5,2,19,-19.0
24.0,52,1003.9,2026-05-06 23:00:00,35.6,34.7,582.0,0.0,34.0,75.0,7.5,,117,23,6,5,2,19,-25.0
25.3,44,1003.6,2026-05-07 00:00:00,36.1,35.0,580.0,0.0,34.9,65.0,7.4,,91,0,7,5,3,19,-26.0
23.4,53,1003.6,2026-05-07 01:00:00,36.9,35.6,579.0,0.0,35.1,57.0,7.1,,89,1,7,5,3,19,-2.0
22.7,56,1003.6,2026-05-07 02:00:00,37.1,35.6,589.0,0.0,35.0,49.0,6.8,,88,2,7,5,3,19,-1.0
22.1,59,1004.1,2026-05-07 03:00:00,36.9,35.0,625.0,0.0,35.2,39.0,6.3,,87,3,7,5,3,19,-1.0
21.4,63,1004.3,2026-05-07 04:00:00,36.1,34.0,672.0,0.0,35.0,29.0,5.8,,86,4,7,5,3,19,-1.0
19.7,73,1004.5,2026-05-07 05:00:00,44.9,41.2,705.0,0.0,41.5,21.0,5.5,,85,5,7,5,3,19,-1.0
20.2,79,1005.2,2026-05-07 06:00:00,44.0,39.8,720.0,0.8,34.8,49.0,6.4,,85,6,7,5,3,19,0.0
22.7,72,1006.3,2026-05-07 07:00:00,41.1,37.4,719.0,1.8,25.4,88.0,7.5,,84,7,7,5,3,19,-1.0
25.6,54,1006.9,2026-05-07 08:00:00,39.6,36.8,686.0,2.3,17.1,125.0,8.5,,83,8,7,5,3,19,-1.0
27.9,46,1007.2,2026-05-07 09:00:00,32.4,30.7,594.0,1.9,11.2,158.0,9.1,,82,9,7,5,3,19,-1.0
30.0,40,1007.2,2026-05-07 10:00:00,22.8,19.8,469.0,1.0,6.4,190.0,9.5,,82,10,7,5,3,19,0.0
31.4,38,1007.0,2026-05-07 11:00:00,21.7,16.1,371.0,0.3,3.0,210.0,9.4,,81,11,7,5,3,19,-1.0
32.8,36,1006.6,2026-05-07 12:00:00,23.3,14.6,326.0,0.1,1.5,212.0,8.4,,81,12,7,5,3,19,0.0
33.7,33,1006.0,2026-05-07 13:00:00,24.0,13.4,308.0,0.1,1.4,204.0,6.9,,91,13,7,5,3,19,10.0
34.4,31,1005.2,2026-05-07 14:00:00,24.6,13.0,295.0,0.2,1.8,195.0,5.8,,129,14,7,5,3,19,38.0
34.7,26,1004.7,2026-05-07 15:00:00,25.3,13.0,272.0,0.2,1.9,193.0,5.3,,158,15,7,5,3,19,29.0
34.4,25,1004.3,2026-05-07 16:00:00,25.1,13.1,255.0,0.3,2.5,191.0,5.2,,175,16,7,5,3,19,17.0
34.4,25,1003.8,2026-05-07 17:00:00,21.7,10.3,266.0,0.2,3.1,172.0,4.6,,185,17,7,5,3,19,10.0
31.0,43,1003.8,2026-05-07 18:00:00,25.4,15.7,336.0,0.1,8.2,151.0,5.1,,187,18,7,5,3,19,2.0
28.1,44,1004.3,2026-05-07 19:00:00,29.7,20.4,435.0,0.1,15.2,122.0,5.8,,181,19,7,5,3,19,-6.0
26.4,46,1005.2,2026-05-07 20:00:00,34.7,25.4,497.0,0.0,20.7,98.0,6.4,,167,20,7,5,3,19,-14.0
26.7,39,1006.0,2026-05-07 21:00:00,38.6,29.2,487.0,0.0,23.1,83.0,6.7,,149,21,7,5,3,19,-18.0
27.1,36,1006.5,2026-05-07 22:00:00,40.9,31.5,440.0,0.0,23.9,73.0,6.8,,123,22,7,5,3,19,-26.0
26.7,42,1006.5,2026-05-07 23:00:00,41.7,32.7,397.0,0.0,24.1,66.0,6.8,,97,23,7,5,3,19,-26.0
26.2,44,1006.9,2026-05-08 00:00:00,40.7,32.2,366.0,0.0,23.2,62.0,6.6,,82,0,8,5,4,19,-15.0
24.9,49,1006.9,2026-05-08 01:00:00,40.5,32.4,339.0,0.0,21.7,60.0,6.3,,82,1,8,5,4,19,0.0
23.1,56,1006.8,2026-05-08 02:00:00,41.6,33.4,331.0,0.0,21.4,56.0,6.0,,82,2,8,5,4,19,0.0
22.1,61,1007.2,2026-05-08 03:00:00,43.3,35.3,349.0,0.0,24.3,45.0,5.6,,82,3,8,5,4,19,0.0
21.6,64,1007.7,2026-05-08 04:00:00,45.4,37.5,385.0,0.0,28.4,32.0,5.1,,82,4,8,5,4,19,0.0
22.2,65,1007.6,2026-05-08 05:00:00,48.1,38.6,433.0,0.0,28.5,37.0,5.3,,82,5,8,5,4,19,0.0
23.0,63,1008.3,2026-05-08 06:00:00,50.1,40.9,508.0,0.6,24.5,54.0,6.4,,82,6,8,5,4,19,0.0
24.6,63,1008.9,2026-05-08 07:00:00,50.9,42.7,594.0,1.5,18.8,78.0,7.9,,82,7,8,5,4,19,0.0
26.7,54,1009.3,2026-05-08 08:00:00,51.9,38.2,637.0,1.9,13.5,103.0,9.0,,82,8,8,5,4,19,0.0
28.6,48,1009.2,2026-05-08 09:00:00,53.4,32.8,603.0,1.5,9.1,131.0,9.4,,83,9,8,5,4,19,1.0
30.4,43,1009.0,2026-05-08 10:00:00,58.8,29.2,526.0,0.8,5.0,160.0,9.5,,83,10,8,5,4,19,0.0
31.9,42,1008.3,2026-05-08 11:00:00,56.0,28.3,457.0,0.2,2.2,183.0,9.3,,83,11,8,5,4,19,0.0
33.5,38,1007.7,2026-05-08 12:00:00,50.5,26.8,412.0,0.1,1.2,194.0,8.7,,84,12,8,5,4,19,1.0
34.5,35,1006.9,2026-05-08 13:00:00,44.5,24.4,375.0,0.1,1.3,198.0,7.9,,85,13,8,5,4,19,1.0
35.1,32,1006.3,2026-05-08 14:00:00,39.8,22.5,351.0,0.2,1.9,200.0,7.2,,101,14,8,5,4,19,16.0
35.3,29,1006.0,2026-05-08 15:00:00,36.0,20.8,339.0,0.2,2.2,203.0,6.9,,132,15,8,5,4,19,31.0
35.1,28,1005.0,2026-05-08 16:00:00,33.6,20.1,341.0,0.3,2.9,203.0,6.8,,156,16,8,5,4,19,24.0
34.5,32,1004.9,2026-05-08 17:00:00,47.5,25.6,364.0,0.3,4.6,178.0,6.1,,172,17,8,5,4,19,16.0
31.9,52,1004.7,2026-05-08 18:00:00,51.6,30.5,427.0,0.2,11.6,157.0,6.8,,180,18,8,5,4,19,8.0
29.1,49,1005.2,2026-05-08 19:00:00,62.4,37.7,511.0,0.1,21.2,128.0,7.8,,179,19,8,5,4,19,-1.0
27.3,48,1006.0,2026-05-08 20:00:00,73.8,46.0,574.0,0.0,28.6,103.0,8.6,,170,20,8,5,4,19,-9.0
27.8,44,1007.1,2026-05-08 21:00:00,79.9,49.4,599.0,0.0,31.7,86.0,8.9,,156,21,8,5,4,19,-14.0
27.2,41,1007.5,2026-05-08 22:00:00,88.2,54.4,603.0,0.0,32.6,73.0,8.9,,134,22,8,5,4,19,-22.0
26.4,49,1008.0,2026-05-08 23:00:00,95.2,56.1,588.0,0.0,32.6,63.0,8.8,,107,23,8,5,4,19,-27.0
26.2,51,1007.9,2026-05-09 00:00:00,102.0,56.3,539.0,0.0,31.6,57.0,8.5,,99,0,9,5,5,19,-8.0
25.4,54,1008.1,2026-05-09 01:00:00,109.4,57.2,472.0,0.0,29.8,54.0,8.1,,101,1,9,5,5,19,2.0
24.6,58,1008.0,2026-05-09 02:00:00,116.6,58.4,439.0,0.0,28.7,50.0,7.8,,103,2,9,5,5,19,2.0
23.5,63,1008.0,2026-05-09 03:00:00,122.9,60.3,477.0,0.0,29.6,42.0,7.7,,106,3,9,5,5,19,3.0
22.8,68,1008.2,2026-05-09 04:00:00,125.7,61.9,549.0,0.0,31.2,33.0,7.6,,109,4,9,5,5,19,3.0
22.7,69,1008.1,2026-05-09 05:00:00,134.1,63.6,595.0,0.0,26.5,42.0,7.3,,111,5,9,5,5,19,2.0
23.2,69,1008.4,2026-05-09 06:00:00,135.5,65.2,582.0,0.6,23.4,59.0,8.5,,114,6,9,5,5,19,3.0
25.6,63,1009.0,2026-05-09 07:00:00,136.9,66.8,543.0,1.4,18.9,84.0,10.2,,116,7,9,5,5,19,2.0
27.7,54,1009.4,2026-05-09 08:00:00,158.3,65.4,514.0,1.8,14.4,111.0,11.5,,119,8,9,5,5,19,3.0
29.4,49,1009.5,2026-05-09 09:00:00,196.0,68.7,517.0,1.5,10.0,141.0,12.2,,122,9,9,5,5,19,3.0
31.1,46,1009.1,2026-05-09 10:00:00,229.6,71.5,530.0,0.7,5.6,173.0,12.4,,125,10,9,5,5,19,3.0
32.5,45,1008.7,2026-05-09 11:00:00,224.4,69.4,530.0,0.2,2.4,196.0,12.2,,130,11,9,5,5,19,5.0
33.9,42,1008.0,2026-05-09 12:00:00,186.7,61.0,499.0,0.1,1.2,204.0,11.2,,134,12,9,5,5,19,4.0
34.9,39,1007.2,2026-05-09 13:00:00,152.3,52.4,454.0,0.1,1.4,203.0,9.7,,138,13,9,5,5,19,4.0
35.5,37,1006.3,2026-05-09 14:00:00,128.1,45.4,422.0,0.2,1.8,201.0,8.5,,141,14,9,5,5,19,3.0
35.8,36,1005.5,2026-05-09 15:00:00,110.1,39.9,411.0,0.2,1.7,202.0,7.9,,146,15,9,5,5,19,5.0
35.8,36,1004.9,2026-05-09 16:00:00,98.7,36.8,413.0,0.2,2.0,202.0,7.5,,166,16,9,5,5,19,20.0
35.8,35,1004.8,2026-05-09 17:00:00,102.4,41.0,429.0,0.2,4.9,176.0,6.6,,180,17,9,5,5,19,14.0
33.2,46,1004.5,2026-05-09 18:00:00,96.9,44.4,469.0,0.1,13.8,153.0,7.4,,186,18,9,5,5,19,6.0
29.7,53,1004.6,2026-05-09 19:00:00,109.2,53.3,524.0,0.1,26.2,120.0,8.4,,183,19,9,5,5,19,-3.0
28.6,55,1005.4,2026-05-09 20:00:00,122.5,64.0,562.0,0.0,35.8,93.0,9.3,,170,20,9,5,5,19,-13.0
28.5,53,1006.2,2026-05-09 21:00:00,128.5,71.7,570.0,0.0,39.9,77.0,9.9,,153,21,9,5,5,19,-17.0
27.4,53,1006.3,2026-05-09 22:00:00,131.8,75.2,562.0,0.0,41.2,66.0,10.3,,152,22,9,5,5,19,-1.0
28.7,50,1006.1,2026-05-09 23:00:00,133.6,77.5,548.0,0.0,41.8,57.0,10.3,,152,23,9,5,5,19,0.0
27.7,52,1006.1,2026-05-10 00:00:00,131.8,77.3,520.0,0.0,42.0,47.0,9.8,,153,0,10,5,6,19,1.0
27.0,53,1006.2,2026-05-10 01:00:00,127.6,75.7,487.0,0.0,41.4,39.0,8.9,,153,1,10,5,6,19,0.0
26.2,56,1005.9,2026-05-10 02:00:00,123.9,74.0,486.0,0.0,41.3,32.0,8.2,,154,2,10,5,6,19,1.0
25.7,62,1006.0,2026-05-10 03:00:00,122.5,73.1,545.0,0.0,43.1,22.0,7.7,,154,3,10,5,6,19,0.0
25.2,62,1006.3,2026-05-10 04:00:00,123.9,73.6,636.0,0.0,45.3,13.0,7.4,,155,4,10,5,6,19,1.0
23.9,69,1006.5,2026-05-10 05:00:00,122.0,72.2,713.0,0.0,45.3,19.0,6.7,,155,5,10,5,6,19,0.0
24.4,73,1006.7,2026-05-10 06:00:00,118.5,71.7,761.0,0.8,39.9,44.0,7.5,,155,6,10,5,6,19,0.0
26.5,64,1007.5,2026-05-10 07:00:00,110.4,71.9,795.0,1.9,32.2,79.0,8.7,,156,7,10,5,6,19,1.0
28.8,57,1008.2,2026-05-10 08:00:00,123.9,71.5,809.0,2.5,24.5,115.0,9.9,,156,8,10,5,6,19,0.0
30.7,52,1008.1,2026-05-10 09:00:00,142.0,68.2,805.0,2.0,16.9,154.0,11.2,,156,9,10,5,6,19,0.0
32.4,48,1007.8,2026-05-10 10:00:00,146.7,61.9,781.0,1.1,9.4,195.0,12.4,,156,10,10,5,6,19,0.0
33.5,43,1007.7,2026-05-10 11:00:00,137.4,56.3,725.0,0.3,3.9,220.0,13.0,,156,11,10,5,6,19,0.0
35.2,37,1006.9,2026-05-10 12:00:00,120.1,50.1,601.0,0.1,1.5,221.0,12.2,,155,12,10,5,6,19,-1.0
36.3,33,1006.1,2026-05-10 13:00:00,105.0,44.4,445.0,0.1,1.1,206.0,10.8,,155,13,10,5,6,19,0.0
36.5,29,1005.3,2026-05-10 14:00:00,95.9,39.9,350.0,0.1,2.1,190.0,9.7,,155,14,10,5,6,19,0.0
36.5,28,1005.2,2026-05-10 15:00:00,91.5,40.0,378.0,0.1,4.0,176.0,9.5,,158,15,10,5,6,19,3.0
33.7,36,1005.7,2026-05-10 16:00:00,85.4,41.6,467.0,0.1,7.1,160.0,9.7,,173,16,10,5,6,19,15.0
26.0,77,1006.1,2026-05-10 17:00:00,133.6,56.6,529.0,0.1,11.9,143.0,10.1,,180,17,10,5,6,19,7.0
26.1,76,1006.9,2026-05-10 18:00:00,88.5,51.1,522.0,0.1,20.4,124.0,10.7,,178,18,10,5,6,19,-2.0
26.1,74,1007.6,2026-05-10 19:00:00,98.7,59.4,487.0,0.0,30.6,103.0,11.4,,167,19,10,5,6,19,-11.0
24.6,89,1008.0,2026-05-10 20:00:00,105.5,66.8,456.0,0.0,36.6,88.0,11.8,,156,20,10,5,6,19,-11.0
24.6,88,1009.4,2026-05-10 21:00:00,105.0,68.9,442.0,0.0,34.8,81.0,11.4,,156,21,10,5,6,19,0.0
24.2,90,1008.9,2026-05-10 22:00:00,89.4,60.5,432.0,0.0,28.8,80.0,10.7,,156,22,10,5,6,19,0.0
23.4,82,1009.7,2026-05-10 23:00:00,75.2,52.0,421.0,0.0,24.1,78.0,10.0,,155,23,10,5,6,19,-1.0
22.3,87,1010.0,2026-05-11 00:00:00,69.6,47.0,405.0,0.0,22.7,75.0,9.4,,154,0,11,5,0,20,-1.0
21.4,94,1009.6,2026-05-11 01:00:00,75.2,48.4,389.0,0.0,22.7,72.0,8.9,,153,1,11,5,0,20,-1.0
21.3,96,1009.3,2026-05-11 02:00:00,82.2,51.8,379.0,0.0,23.3,68.0,8.6,,153,2,11,5,0,20,0.0
21.1,97,1009.1,2026-05-11 03:00:00,85.0,53.6,384.0,0.0,25.5,60.0,8.5,,152,3,11,5,0,20,-1.0
21.2,94,1009.1,2026-05-11 04:00:00,88.0,54.7,395.0,0.0,28.3,51.0,8.5,,151,4,11,5,0,20,-1.0
22.0,91,1008.9,2026-05-11 05:00:00,74.5,55.8,400.0,0.0,22.1,45.0,7.2,,151,5,11,5,0,20,0.0
22.5,87,1009.1,2026-05-11 06:00:00,70.3,53.2,389.0,0.6,19.6,58.0,7.7,,150,6,11,5,0,20,-1.0
24.6,76,1009.8,2026-05-11 07:00:00,65.2,52.9,370.0,1.4,16.0,78.0,8.3,,149,7,11,5,0,20,-1.0
26.7,64,1010.4,2026-05-11 08:00:00,66.1,46.8,357.0,1.8,12.4,99.0,8.4,,147,8,11,5,0,20,-2.0
27.0,66,1010.9,2026-05-11 09:00:00,58.2,33.1,356.0,1.5,8.8,125.0,7.6,,145,9,11,5,0,20,-2.0
25.9,72,1011.6,2026-05-11 10:00:00,61.9,31.4,360.0,0.8,5.1,152.0,6.4,,141,10,11,5,0,20,-4.0
25.8,68,1012.4,2026-05-11 11:00:00,68.0,32.8,362.0,0.3,2.5,172.0,5.4,,138,11,11,5,0,20,-3.0
29.0,53,1011.3,2026-05-11 12:00:00,69.4,33.5,357.0,0.2,1.5,178.0,5.0,,136,12,11,5,0,20,-2.0
29.9,50,1010.9,2026-05-11 13:00:00,74.7,33.4,349.0,0.2,1.6,177.0,4.8,,134,13,11,5,0,20,-2.0
29.5,50,1009.6,2026-05-11 14:00:00,80.3,34.1,345.0,0.2,2.0,174.0,4.8,,133,14,11,5,0,20,-1.0
29.8,49,1008.9,2026-05-11 15:00:00,80.1,33.5,340.0,0.2,1.7,173.0,4.8,,132,15,11,5,0,20,-1.0
29.7,49,1007.9,2026-05-11 16:00:00,79.6,33.2,339.0,0.1,1.6,171.0,4.9,,132,16,11,5,0,20,0.0
27.8,56,1007.9,2026-05-11 17:00:00,71.2,33.3,356.0,0.1,3.5,161.0,4.8,,148,17,11,5,0,20,16.0
27.3,59,1007.5,2026-05-11 18:00:00,68.9,34.3,415.0,0.1,9.7,144.0,5.3,,154,18,11,5,0,20,6.0
26.0,65,1007.6,2026-05-11 19:00:00,68.2,40.0,494.0,0.0,18.5,119.0,6.1,,153,19,11,5,0,20,-1.0
25.5,66,1007.5,2026-05-11 20:00:00,74.0,46.9,535.0,0.0,26.8,96.0,6.8,,142,20,11,5,0,20,-11.0
25.5,66,1008.1,2026-05-11 21:00:00,81.5,54.8,505.0,0.0,34.0,76.0,7.4,,125,21,11,5,0,20,-17.0
25.3,67,1007.6,2026-05-11 22:00:00,87.5,61.5,439.0,0.0,40.7,57.0,7.9,,121,22,11,5,0,20,-4.0
22.2,87,1009.0,2026-05-11 23:00:00,88.9,64.0,384.0,0.0,45.4,42.0,8.1,,121,23,11,5,0,20,0.0
21.6,88,1008.6,2026-05-12 00:00:00,87.5,64.0,353.0,0.0,47.6,32.0,7.6,,122,0,12,5,1,20,1.0
21.8,84,1008.0,2026-05-12 01:00:00,86.6,64.7,332.0,0.0,47.7,25.0,6.8,,124,1,12,5,1,20,2.0
21.4,85,1007.6,2026-05-12 02:00:00,84.5,63.8,332.0,0.0,46.0,23.0,6.2,,126,2,12,5,1,20,2.0
21.5,81,1006.9,2026-05-12 03:00:00,77.1,58.3,364.0,0.0,41.7,26.0,6.2,,127,3,12,5,1,20,1.0
21.6,78,1006.8,2026-05-12 04:00:00,66.4,51.6,415.0,0.0,35.6,34.0,6.4,,127,4,12,5,1,20,0.0
21.8,72,1007.0,2026-05-12 05:00:00,70.5,57.9,458.0,0.0,36.2,25.0,6.1,,127,5,12,5,1,20,0.0
21.9,74,1007.6,2026-05-12 06:00:00,65.7,55.4,487.0,0.8,30.5,48.0,6.6,,127,6,12,5,1,20,0.0
23.4,71,1007.9,2026-05-12 07:00:00,59.3,51.7,507.0,1.9,22.4,80.0,7.3,,127,7,12,5,1,20,0.0
24.9,66,1008.3,2026-05-12 08:00:00,54.7,43.7,503.0,2.5,15.2,109.0,7.5,,127,8,12,5,1,20,0.0
26.5,60,1008.5,2026-05-12 09:00:00,44.7,31.8,457.0,2.0,9.9,134.0,6.7,,127,9,12,5,1,20,0.0
28.5,51,1008.2,2026-05-12 10:00:00,39.7,26.4,387.0,1.1,5.5,156.0,5.3,,127,10,12,5,1,20,0.0
29.6,43,1008.3,2026-05-12 11:00:00,41.6,23.9,333.0,0.3,2.4,170.0,4.2,,126,11,12,5,1,20,-1.0
30.8,39,1007.3,2026-05-12 12:00:00,44.4,23.1,314.0,0.1,1.1,172.0,3.6,,125,12,12,5,1,20,-1.0
31.4,37,1006.4,2026-05-12 13:00:00,40.5,21.4,311.0,0.2,1.2,167.0,3.2,,124,13,12,5,1,20,-1.0
32.1,34,1005.5,2026-05-12 14:00:00,37.6,20.0,312.0,0.2,1.6,161.0,3.0,,123,14,12,5,1,20,-1.0
32.2,33,1004.6,2026-05-12 15:00:00,35.9,19.1,310.0,0.2,1.6,160.0,3.0,,122,15,12,5,1,20,-1.0
32.0,32,1003.9,2026-05-12 16:00:00,36.0,19.0,311.0,0.1,1.9,158.0,3.1,,128,16,12,5,1,20,6.0
32.6,31,1003.2,2026-05-12 17:00:00,38.9,20.8,329.0,0.1,3.8,151.0,3.4,,138,17,12,5,1,20,10.0
30.1,48,1003.2,2026-05-12 18:00:00,39.7,23.3,374.0,0.1,8.2,134.0,3.8,,142,18,12,5,1,20,4.0
27.7,48,1003.6,2026-05-12 19:00:00,43.3,27.9,434.0,0.0,14.3,112.0,4.3,,137,19,12,5,1,20,-5.0
27.0,48,1003.8,2026-05-12 20:00:00,43.2,31.3,488.0,0.0,20.2,90.0,4.8,,125,20,12,5,1,20,-12.0
26.4,48,1004.4,2026-05-12 21:00:00,45.3,35.6,526.0,0.0,26.0,69.0,5.2,,113,21,12,5,1,20,-12.0
25.2,51,1004.9,2026-05-12 22:00:00,48.1,40.3,557.0,0.0,31.8,48.0,5.5,,111,22,12,5,1,20,-2.0
26.6,52,1004.8,2026-05-12 23:00:00,47.8,41.9,587.0,0.0,36.0,32.0,5.7,,109,23,12,5,1,20,-2.0
25.3,57,1004.7,2026-05-13 00:00:00,47.1,42.0,623.0,0.0,38.0,22.0,5.5,,107,0,13,5,2,20,-2.0
25.4,57,1004.7,2026-05-13 01:00:00,46.6,41.7,658.0,0.0,38.4,16.0,5.2,,104,1,13,5,2,20,-3.0
24.6,59,1004.5,2026-05-13 02:00:00,45.3,40.5,671.0,0.0,37.4,15.0,5.0,,102,2,13,5,2,20,-2.0
24.0,62,1004.4,2026-05-13 03:00:00,43.2,38.8,654.0,0.0,34.7,18.0,5.1,,100,3,13,5,2,20,-2.0
23.2,65,1004.5,2026-05-13 04:00:00,39.6,34.3,616.0,0.0,30.6,26.0,5.3,,98,4,13,5,2,20,-2.0
22.1,66,1004.8,2026-05-13 05:00:00,44.0,38.4,566.0,2.3,37.3,16.0,3.9,,97,5,13,5,2,20,-1.0
22.2,69,1005.5,2026-05-13 06:00:00,40.9,35.3,494.0,3.0,32.3,30.0,4.2,,95,6,13,5,2,20,-2.0
24.2,61,1006.3,2026-05-13 07:00:00,36.6,30.7,410.0,4.0,25.3,51.0,4.7,,94,7,13,5,2,20,-1.0
23.2,67,1007.4,2026-05-13 08:00:00,32.9,25.9,349.0,4.3,18.9,73.0,5.0,,92,8,13,5,2,20,-2.0
23.5,74,1007.2,2026-05-13 09:00:00,25.3,19.4,334.0,3.5,13.9,98.0,5.0,,91,9,13,5,2,20,-1.0
27.0,53,1007.5,2026-05-13 10:00:00,22.4,16.7,343.0,2.0,9.6,125.0,4.8,,90,10,13,5,2,20,-1.0
29.8,43,1006.7,2026-05-13 11:00:00,21.3,15.7,344.0,0.9,6.3,146.0,4.5,,89,11,13,5,2,20,-1.0
31.2,37,1005.9,2026-05-13 12:00:00,22.6,15.5,322.0,0.4,4.3,157.0,4.2,,88,12,13,5,2,20,-1.0
32.1,33,1005.0,2026-05-13 13:00:00,23.9,15.3,292.0,0.3,3.3,162.0,3.8,,88,13,13,5,2,20,0.0
32.5,32,1004.2,2026-05-13 14:00:00,27.0,16.1,269.0,0.2,2.9,163.0,3.5,,87,14,13,5,2,20,-1.0
32.7,29,1003.6,2026-05-13 15:00:00,31.2,17.7,246.0,0.2,1.7,164.0,3.3,,87,15,13,5,2,20,0.0
32.4,29,1003.3,2026-05-13 16:00:00,36.1,19.7,229.0,0.2,1.1,162.0,3.3,,98,16,13,5,2,20,11.0
32.5,33,1001.8,2026-05-13 17:00:00,33.8,18.9,255.0,0.3,4.7,148.0,3.2,,117,17,13,5,2,20,19.0
30.8,52,1001.6,2026-05-13 18:00:00,35.7,23.8,366.0,0.2,17.9,121.0,4.1,,128,18,13,5,2,20,11.0
28.9,51,1001.8,2026-05-13 19:00:00,44.8,32.6,520.0,0.1,36.2,84.0,5.2,,127,19,13,5,2,20,-1.0
26.2,57,1002.4,2026-05-13 20:00:00,54.9,42.6,621.0,0.0,49.7,54.0,6.1,,113,20,13,5,2,20,-14.0
25.0,59,1003.0,2026-05-13 21:00:00,59.5,48.0,622.0,0.0,54.0,38.0,6.3,,92,21,13,5,2,20,-21.0
24.8,56,1003.3,2026-05-13 22:00:00,57.2,47.7,570.0,0.1,53.5,30.0,6.2,,89,22,13,5,2,20,-3.0
25.4,58,1003.0,2026-05-13 23:00:00,54.2,46.2,515.0,0.1,52.1,23.0,6.0,,90,23,13,5,2,20,1.0
25.0,57,1002.9,2026-05-14 00:00:00,50.9,43.7,463.0,0.1,50.6,18.0,5.6,,90,0,14,5,3,20,0.0
24.7,56,1002.8,2026-05-14 01:00:00,47.7,41.0,408.0,0.2,48.2,14.0,5.1,,90,1,14,5,3,20,0.0
24.8,55,1002.7,2026-05-14 02:00:00,46.0,39.7,383.0,0.2,45.7,12.0,4.6,,90,2,14,5,3,20,0.0
22.8,65,1002.8,2026-05-14 03:00:00,44.7,38.6,411.0,0.1,43.9,9.0,4.2,,90,3,14,5,3,20,0.0
21.7,72,1003.3,2026-05-14 04:00:00,42.7,36.9,469.0,0.0,42.0,6.0,4.0,,90,4,14,5,3,20,0.0
21.9,76,1003.4,2026-05-14 05:00:00,39.9,36.3,517.0,3.4,35.7,6.0,3.3,,90,5,14,5,3,20,0.0
21.0,77,1003.9,2026-05-14 06:00:00,38.6,35.2,548.0,4.4,32.2,15.0,3.9,,90,6,14,5,3,20,0.0
22.2,76,1005.1,2026-05-14 07:00:00,34.1,30.3,569.0,5.8,27.1,29.0,4.7,,90,7,14,5,3,20,0.0
25.3,60,1004.9,2026-05-14 08:00:00,36.3,29.7,558.0,6.2,21.6,51.0,5.3,,90,8,14,5,3,20,0.0
27.5,48,1005.2,2026-05-14 09:00:00,36.6,26.5,491.0,4.7,15.5,89.0,5.5,,90,9,14,5,3,20,0.0
29.2,41,1005.3,2026-05-14 10:00:00,35.3,24.2,392.0,2.3,9.0,135.0,5.4,,91,10,14,5,3,20,1.0
30.3,37,1005.3,2026-05-14 11:00:00,33.6,22.4,316.0,0.5,4.3,167.0,5.2,,91,11,14,5,3,20,0.0
31.8,31,1004.4,2026-05-14 12:00:00,32.8,21.0,289.0,0.0,2.4,173.0,4.7,,92,12,14,5,3,20,1.0
32.8,28,1003.8,2026-05-14 13:00:00,34.1,20.0,285.0,0.1,2.2,166.0,4.0,,92,13,14,5,3,20,0.0
33.1,28,1003.0,2026-05-14 14:00:00,37.3,20.1,284.0,0.2,2.5,158.0,3.5,,93,14,14,5,3,20,1.0
32.9,28,1002.7,2026-05-14 15:00:00,38.5,20.5,275.0,0.2,1.6,156.0,3.3,,93,15,14,5,3,20,0.0
33.2,26,1002.2,2026-05-14 16:00:00,38.5,20.7,270.0,0.2,1.2,154.0,3.2,,99,16,14,5,3,20,6.0
32.8,35,1001.2,2026-05-14 17:00:00,41.6,24.6,278.0,0.3,6.4,147.0,3.8,,121,17,14,5,3,20,22.0
30.2,47,1001.4,2026-05-14 18:00:00,43.1,28.1,312.0,0.2,20.2,123.0,4.9,,134,18,14,5,3,20,13.0
28.3,53,1001.9,2026-05-14 19:00:00,52.5,37.5,360.0,0.1,39.5,89.0,6.5,,131,19,14,5,3,20,-3.0
27.2,53,1002.3,2026-05-14 20:00:00,65.9,51.2,396.0,0.0,55.2,59.0,7.6,,115,20,14,5,3,20,-16.0
26.3,57,1003.0,2026-05-14 21:00:00,74.7,61.5,404.0,0.0,64.4,38.0,8.0,,95,21,14,5,3,20,-20.0
26.3,48,1003.8,2026-05-14 22:00:00,76.8,65.4,400.0,0.1,70.1,22.0,8.0,,96,22,14,5,3,20,1.0
25.4,55,1003.6,2026-05-14 23:00:00,76.6,66.6,403.0,0.2,72.4,11.0,7.8,,98,23,14,5,3,20,2.0
23.7,62,1003.6,2026-05-15 00:00:00,75.4,66.1,427.0,0.3,70.5,6.0,7.2,,99,0,15,5,4,20,1.0
23.6,64,1003.8,2026-05-15 01:00:00,72.9,64.3,457.0,0.3,65.2,5.0,6.3,,101,1,15,5,4,20,2.0
22.8,69,1003.9,2026-05-15 02:00:00,68.7,60.3,468.0,0.4,59.7,5.0,5.6,,104,2,15,5,4,20,3.0
22.3,70,1003.3,2026-05-15 03:00:00,63.6,55.8,432.0,0.3,55.0,3.0,5.1,,106,3,15,5,4,20,2.0
21.7,71,1003.3,2026-05-15 04:00:00,58.7,51.1,376.0,0.1,50.1,1.0,4.7,,108,4,15,5,4,20,2.0
23.1,63,1003.2,2026-05-15 05:00:00,74.3,60.8,359.0,2.7,51.4,2.0,5.1,,109,5,15,5,4,20,1.0
23.2,63,1003.7,2026-05-15 06:00:00,69.8,58.1,431.0,3.8,45.5,14.0,5.8,,112,6,15,5,4,20,3.0
24.9,60,1004.2,2026-05-15 07:00:00,61.5,54.0,542.0,5.2,37.1,32.0,6.7,,114,7,15,5,4,20,2.0
27.3,53,1004.7,2026-05-15 08:00:00,60.5,49.4,600.0,5.7,28.7,58.0,7.4,,117,8,15,5,4,20,3.0
29.2,48,1005.0,2026-05-15 09:00:00,61.5,48.8,549.0,4.4,20.5,100.0,7.6,,119,9,15,5,4,20,2.0
30.9,42,1005.1,2026-05-15 10:00:00,53.0,40.7,444.0,2.2,12.2,150.0,7.5,,121,10,15,5,4,20,2.0
32.5,36,1005.1,2026-05-15 11:00:00,44.5,32.5,358.0,0.5,6.1,183.0,7.1,,123,11,15,5,4,20,2.0
32.6,34,1004.4,2026-05-15 12:00:00,40.6,26.5,320.0,0.0,3.3,184.0,6.0,,124,12,15,5,4,20,1.0
32.8,33,1004.5,2026-05-15 13:00:00,42.6,24.2,302.0,0.1,2.6,169.0,4.5,,124,13,15,5,4,20,0.0
31.4,36,1004.4,2026-05-15 14:00:00,43.8,23.6,290.0,0.2,2.6,155.0,3.5,,125,14,15,5,4,20,1.0
30.9,39,1004.1,2026-05-15 15:00:00,47.0,24.0,266.0,0.2,1.4,152.0,3.2,,125,15,15,5,4,20,0.0
31.6,36,1003.8,2026-05-15 16:00:00,51.7,25.3,249.0,0.2,0.9,152.0,3.4,,125,16,15,5,4,20,0.0
33.2,31,1002.0,2026-05-15 17:00:00,23.9,13.9,279.0,0.1,5.1,139.0,3.7,,131,17,15,5,4,20,6.0
30.4,47,1002.1,2026-05-15 18:00:00,30.2,21.1,411.0,0.1,13.1,118.0,4.3,,140,18,15,5,4,20,9.0
27.9,57,1002.5,2026-05-15 19:00:00,35.3,27.0,591.0,0.0,24.4,88.0,5.2,,133,19,15,5,4,20,-7.0
27.8,55,1003.0,2026-05-15 20:00:00,37.1,29.3,698.0,0.0,34.3,62.0,5.9,,123,20,15,5,4,20,-10.0
27.6,52,1003.6,2026-05-15 21:00:00,40.3,33.1,666.0,0.1,41.8,43.0,6.4,,121,21,15,5,4,20,-2.0
27.4,49,1004.0,2026-05-15 22:00:00,45.3,38.3,561.0,0.2,47.9,28.0,6.7,,118,22,15,5,4,20,-3.0
25.5,58,1004.5,2026-05-15 23:00:00,47.0,40.5,463.0,0.2,51.3,18.0,6.8,,115,23,15,5,4,20,-3.0
24.9,59,1003.8,2026-05-16 00:00:00,44.4,38.0,392.0,0.2,50.6,14.0,6.5,,112,0,16,5,5,20,-3.0
23.9,62,1003.8,2026-05-16 01:00:00,41.3,35.2,327.0,0.1,47.2,14.0,5.8,,109,1,16,5,5,20,-3.0
22.3,68,1003.7,2026-05-16 02:00:00,39.6,33.5,293.0,0.0,44.0,14.0,5.3,,106,2,16,5,5,20,-3.0
22.9,62,1003.4,2026-05-16 03:00:00,38.2,32.5,312.0,0.0,42.4,11.0,4.9,,103,3,16,5,5,20,-3.0
23.6,56,1003.4,2026-05-16 04:00:00,36.3,31.0,360.0,0.0,41.0,8.0,4.6,,101,4,16,5,5,20,-2.0
24.0,57,1003.5,2026-05-16 05:00:00,32.2,27.7,393.0,0.4,36.3,11.0,4.2,,99,5,16,5,5,20,-2.0
24.7,54,1003.6,2026-05-16 06:00:00,31.7,27.3,389.0,1.6,31.1,25.0,4.6,,97,6,16,5,5,20,-2.0
26.6,49,1004.3,2026-05-16 07:00:00,29.9,26.5,370.0,3.3,23.7,45.0,5.2,,94,7,16,5,5,20,-3.0
28.3,44,1004.9,2026-05-16 08:00:00,25.8,20.4,351.0,4.1,16.9,68.0,5.3,,92,8,16,5,5,20,-2.0
29.7,39,1005.2,2026-05-16 09:00:00,20.0,14.0,338.0,3.3,11.2,96.0,4.7,,90,9,16,5,5,20,-2.0
31.2,35,1005.4,2026-05-16 10:00:00,17.0,10.9,326.0,1.6,6.0,126.0,3.7,,87,10,16,5,5,20,-3.0
32.4,30,1005.5,2026-05-16 11:00:00,16.8,10.1,310.0,0.3,2.4,148.0,2.9,,85,11,16,5,5,20,-2.0
33.6,28,1005.1,2026-05-16 12:00:00,17.5,9.5,286.0,0.0,1.0,154.0,2.4,,83,12,16,5,5,20,-2.0
34.3,27,1004.4,2026-05-16 13:00:00,20.4,9.7,258.0,0.1,1.1,151.0,2.2,,82,13,16,5,5,20,-1.0
34.6,26,1003.7,2026-05-16 14:00:00,24.0,10.4,240.0,0.2,1.5,147.0,2.0,,80,14,16,5,5,20,-2.0
34.4,26,1003.2,2026-05-16 15:00:00,27.8,11.6,233.0,0.2,0.6,148.0,1.9,,79,15,16,5,5,20,-1.0
33.9,27,1002.9,2026-05-16 16:00:00,31.3,12.8,237.0,0.1,0.0,149.0,1.9,,87,16,16,5,5,20,8.0
33.5,32,1002.1,2026-05-16 17:00:00,19.6,8.0,259.0,0.3,5.6,130.0,2.1,,105,17,16,5,5,20,18.0
31.6,49,1002.2,2026-05-16 18:00:00,20.1,11.9,311.0,0.2,14.5,112.0,2.9,,112,18,16,5,5,20,7.0
29.4,41,1002.8,2026-05-16 19:00:00,23.5,17.8,382.0,0.1,27.1,87.0,3.9,,109,19,16,5,5,20,-3.0
28.6,41,1003.1,2026-05-16 20:00:00,29.0,24.9,447.0,0.0,38.3,64.0,4.8,,96,20,16,5,5,20,-13.0
28.3,43,1004.1,2026-05-16 21:00:00,35.7,32.4,506.0,0.0,47.2,46.0,5.4,,77,21,16,5,5,20,-19.0
28.2,44,1004.4,2026-05-16 22:00:00,41.4,38.4,559.0,0.1,54.9,29.0,5.9,,75,22,16,5,5,20,-2.0
28.1,49,1004.7,2026-05-16 23:00:00,43.8,41.0,576.0,0.2,59.3,18.0,6.1,,75,23,16,5,5,20,0.0
26.6,48,1004.4,2026-05-17 00:00:00,44.0,41.3,529.0,0.2,58.8,14.0,5.9,,75,0,17,5,6,20,0.0
25.7,52,1004.3,2026-05-17 01:00:00,40.9,38.4,446.0,0.1,55.1,14.0,5.4,,75,1,17,5,6,20,0.0
25.9,51,1003.9,2026-05-17 02:00:00,38.2,35.6,384.0,0.0,51.2,14.0,4.9,,76,2,17,5,6,20,1.0
25.9,49,1003.9,2026-05-17 03:00:00,36.9,33.8,364.0,0.0,48.6,10.0,4.4,,76,3,17,5,6,20,0.0
24.5,56,1004.3,2026-05-17 04:00:00,36.1,32.6,366.0,0.0,45.8,7.0,4.0,,76,4,17,5,6,20,0.0
24.0,61,1004.3,2026-05-17 05:00:00,33.6,30.0,385.0,0.4,41.7,13.0,4.1,,76,5,17,5,6,20,0.0
24.5,62,1004.6,2026-05-17 06:00:00,33.3,29.4,439.0,1.4,35.0,31.0,4.5,,76,6,17,5,6,20,0.0
26.8,56,1005.0,2026-05-17 07:00:00,31.7,27.6,510.0,2.7,25.6,56.0,5.0,,76,7,17,5,6,20,0.0
28.6,49,1005.4,2026-05-17 08:00:00,28.6,22.8,539.0,3.3,17.3,82.0,5.2,,76,8,17,5,6,20,0.0
30.6,43,1005.6,2026-05-17 09:00:00,24.2,17.2,485.0,2.6,11.0,108.0,4.7,,77,9,17,5,6,20,1.0
32.3,37,1005.3,2026-05-17 10:00:00,21.0,13.3,389.0,1.3,5.8,135.0,3.8,,77,10,17,5,6,20,0.0
34.0,31,1005.5,2026-05-17 11:00:00,18.6,11.1,310.0,0.3,2.2,153.0,3.1,,77,11,17,5,6,20,0.0
35.1,29,1004.8,2026-05-17 12:00:00,15.6,8.9,272.0,0.0,0.8,157.0,2.6,,77,12,17,5,6,20,0.0
35.8,27,1003.8,2026-05-17 13:00:00,14.8,8.1,251.0,0.1,1.0,151.0,2.2,,77,13,17,5,6,20,0.0
36.3,27,1002.8,2026-05-17 14:00:00,14.9,7.9,239.0,0.2,1.4,146.0,2.0,,77,14,17,5,6,20,0.0
36.3,26,1002.1,2026-05-17 15:00:00,15.2,7.9,222.0,0.2,0.9,145.0,1.9,,77,15,17,5,6,20,0.0
35.9,26,1001.6,2026-05-17 16:00:00,15.7,8.1,213.0,0.2,0.7,144.0,2.0,,96,16,17,5,6,20,19.0
35.6,31,1000.7,2026-05-17 17:00:00,5.7,4.1,240.0,0.2,3.8,134.0,2.1,,109,17,17,5,6,20,13.0
33.8,43,1000.5,2026-05-17 18:00:00,9.7,8.2,345.0,0.1,9.3,120.0,2.8,,114,18,17,5,6,20,5.0
31.2,47,1000.6,2026-05-17 19:00:00,17.6,15.9,485.0,0.1,17.1,100.0,3.8,,111,19,17,5,6,20,-3.0
29.9,48,1000.9,2026-05-17 20:00:00,22.8,21.0,566.0,0.0,24.3,83.0,4.7,,100,20,17,5,6,20,-11.0
29.4,45,1001.2,2026-05-17 21:00:00,27.0,25.2,527.0,0.0,30.1,71.0,5.6,,84,21,17,5,6,20,-16.0
29.3,43,1001.6,2026-05-17 22:00:00,33.1,31.3,427.0,0.0,35.4,62.0,6.6,,75,22,17,5,6,20,-9.0
29.4,42,1001.4,2026-05-17 23:00:00,39.0,36.9,350.0,0.0,39.4,52.0,7.0,,74,23,17,5,6,20,-1.0
28.4,45,1001.0,2026-05-18 00:00:00,43.2,40.6,322.0,0.0,42.0,40.0,6.7,,74,0,18,5,0,21,0.0
27.2,47,1000.8,2026-05-18 01:00:00,43.5,40.6,317.0,0.0,43.3,28.0,5.8,,74,1,18,5,0,21,0.0
26.5,49,1000.2,2026-05-18 02:00:00,42.7,39.6,335.0,0.0,43.6,18.0,5.1,,74,2,18,5,0,21,0.0
26.1,51,1000.2,2026-05-18 03:00:00,42.1,38.5,394.0,0.0,43.1,10.0,4.5,,74,3,18,5,0,21,0.0
25.3,56,1000.5,2026-05-18 04:00:00,41.0,37.3,478.0,0.0,41.6,4.0,4.0,,74,4,18,5,0,21,0.0
24.6,66,1000.5,2026-05-18 05:00:00,47.8,43.8,536.0,0.9,45.0,7.0,4.6,,75,5,18,5,0,21,1.0
25.3,63,1000.6,2026-05-18 06:00:00,45.6,41.2,553.0,1.7,38.7,31.0,5.1,,76,6,18,5,0,21,1.0
27.9,58,1001.1,2026-05-18 07:00:00,40.9,37.0,545.0,2.7,29.7,65.0,5.8,,77,7,18,5,0,21,1.0
30.6,48,1001.3,2026-05-18 08:00:00,39.7,34.7,513.0,3.2,21.4,100.0,6.3,,78,8,18,5,0,21,1.0
32.7,41,1001.4,2026-05-18 09:00:00,35.5,29.7,445.0,2.5,14.5,138.0,6.5,,78,9,18,5,0,21,0.0
34.5,35,1001.0,2026-05-18 10:00:00,31.1,23.3,353.0,1.3,8.2,177.0,6.6,,79,10,18,5,0,21,1.0
35.9,30,1001.2,2026-05-18 11:00:00,28.6,19.2,279.0,0.3,3.7,203.0,6.4,,80,11,18,5,0,21,1.0
37.0,28,1000.5,2026-05-18 12:00:00,26.9,16.8,235.0,0.0,1.7,205.0,5.8,,81,12,18,5,0,21,1.0
37.8,26,999.9,2026-05-18 13:00:00,25.7,14.9,209.0,0.1,1.5,194.0,4.9,,82,13,18,5,0,21,1.0
38.4,25,999.0,2026-05-18 14:00:00,29.4,14.9,201.0,0.2,2.2,183.0,4.4,,103,14,18,5,0,21,21.0
38.4,26,998.9,2026-05-18 15:00:00,35.5,16.5,213.0,0.3,3.1,179.0,4.4,,136,15,18,5,0,21,33.0
37.9,26,998.7,2026-05-18 16:00:00,39.6,17.9,243.0,0.4,4.9,177.0,4.6,,157,16,18,5,0,21,21.0
38.2,27,997.4,2026-05-18 17:00:00,46.1,11.7,293.0,0.2,4.3,155.0,4.7,,170,17,18,5,0,21,13.0
35.1,41,997.4,2026-05-18 18:00:00,42.7,18.4,380.0,0.1,14.3,134.0,5.3,,172,18,18,5,0,21,2.0
33.1,40,997.3,2026-05-18 19:00:00,43.0,25.8,487.0,0.1,28.0,104.0,6.2,,165,19,18,5,0,21,-7.0
31.6,43,997.6,2026-05-18 20:00:00,46.2,33.1,560.0,0.0,37.8,81.0,6.9,,150,20,18,5,0,21,-15.0
31.2,41,998.4,2026-05-18 21:00:00,50.3,38.6,581.0,0.0,40.7,70.0,7.4,,123,21,18,5,0,21,-27.0
30.1,41,998.6,2026-05-18 22:00:00,51.6,39.2,569.0,0.0,39.6,66.0,7.8,,97,22,18,5,0,21,-26.0
29.5,44,999.4,2026-05-18 23:00:00,58.8,38.8,527.0,0.0,36.6,65.0,7.8,,89,23,18,5,0,21,-8.0
25.7,57,1001.5,2026-05-19 00:00:00,56.1,34.3,437.0,0.0,30.9,67.0,7.1,,89,0,19,5,1,21,0.0
24.1,65,1002.2,2026-05-19 01:00:00,66.4,31.1,319.0,0.0,23.1,71.0,6.0,,89,1,19,5,1,21,0.0
24.0,69,1001.6,2026-05-19 02:00:00,58.9,27.7,232.0,0.0,17.0,74.0,5.1,,88,2,19,5,1,21,-1.0
23.5,68,1002.5,2026-05-19 03:00:00,48.0,24.0,208.0,0.0,14.3,73.0,4.5,,87,3,19,5,1,21,-1.0
23.7,65,1002.7,2026-05-19 04:00:00,39.5,20.9,216.0,0.0,13.2,70.0,4.0,,86,4,19,5,1,21,-1.0
24.5,68,1001.4,2026-05-19 05:00:00,41.7,17.1,226.0,0.0,11.7,70.0,3.5,,84,5,19,5,1,21,-2.0
25.1,63,1002.5,2026-05-19 06:00:00,37.5,17.8,229.0,0.5,10.8,74.0,3.7,,82,6,19,5,1,21,-2.0
27.0,56,1003.2,2026-05-19 07:00:00,48.9,19.3,233.0,1.1,9.4,80.0,4.0,,80,7,19,5,1,21,-2.0
29.1,48,1003.7,2026-05-19 08:00:00,62.9,19.8,237.0,1.4,7.9,90.0,4.2,,79,8,19,5,1,21,-1.0
30.8,42,1004.0,2026-05-19 09:00:00,69.2,20.8,240.0,1.2,6.1,107.0,4.1,,78,9,19,5,1,21,-1.0
32.5,36,1004.0,2026-05-19 10:00:00,70.1,22.6,242.0,0.8,4.1,128.0,3.9,,77,10,19,5,1,21,-1.0
33.4,31,1004.0,2026-05-19 11:00:00,70.1,24.2,240.0,0.4,2.7,145.0,3.8,,77,11,19,5,1,21,0.0
34.6,30,1003.2,2026-05-19 12:00:00,68.0,24.8,227.0,0.3,2.0,155.0,3.8,,78,12,19,5,1,21,1.0
35.6,29,1002.3,2026-05-19 13:00:00,66.8,25.2,210.0,0.2,1.9,161.0,3.9,,78,13,19,5,1,21,0.0
36.3,27,1001.4,2026-05-19 14:00:00,65.4,25.0,204.0,0.2,2.3,164.0,4.1,,79,14,19,5,1,21,1.0
36.5,28,1000.6,2026-05-19 15:00:00,64.3,24.8,213.0,0.3,2.8,165.0,4.4,,86,15,19,5,1,21,7.0
36.4,29,1000.2,2026-05-19 16:00:00,62.9,24.9,232.0,0.4,3.9,163.0,4.7,,104,16,19,5,1,21,18.0
37.6,27,999.2,2026-05-19 17:00:00,35.5,17.5,263.0,0.4,6.9,162.0,5.5,,119,17,19,5,1,21,15.0
34.9,37,999.1,2026-05-19 18:00:00,35.9,21.9,315.0,0.3,16.9,133.0,5.9,,131,18,19,5,1,21,12.0
32.3,40,999.4,2026-05-19 19:00:00,44.1,29.8,379.0,0.1,30.7,92.0,6.5,,132,19,19,5,1,21,1.0
31.0,40,1000.0,2026-05-19 20:00:00,52.5,37.7,430.0,0.0,40.7,59.0,6.9,,121,20,19,5,1,21,-11.0
29.7,43,1000.7,2026-05-19 21:00:00,55.8,41.9,461.0,0.0,43.5,43.0,6.9,,100,21,19,5,1,21,-21.0
28.9,44,1001.5,2026-05-19 22:00:00,56.7,41.6,478.0,0.0,42.4,35.0,6.7,,83,22,19,5,1,21,-17.0
29.9,50,1000.5,2026-05-19 23:00:00,54.8,38.2,480.0,0.0,40.1,30.0,6.3,,83,23,19,5,1,21,0.0
28.0,54,1000.8,2026-05-20 00:00:00,50.8,33.6,460.0,0.0,36.6,28.0,5.7,,83,0,20,5,2,21,0.0
27.2,55,1000.7,2026-05-20 01:00:00,49.0,30.6,425.0,0.0,31.8,30.0,5.1,,83,1,20,5,2,21,0.0
26.5,54,1001.0,2026-05-20 02:00:00,47.4,29.0,384.0,0.0,28.0,30.0,4.5,,83,2,20,5,2,21,0.0
25.9,53,1001.5,2026-05-20 03:00:00,44.9,27.7,334.0,0.0,26.7,26.0,4.1,,83,3,20,5,2,21,0.0
26.1,49,1002.0,2026-05-20 04:00:00,42.6,26.5,279.0,0.0,26.5,21.0,3.9,,83,4,20,5,2,21,0.0
26.2,50,1001.5,2026-05-20 05:00:00,42.7,30.2,245.0,0.5,28.4,19.0,3.8,,84,5,20,5,2,21,1.0
26.5,49,1001.9,2026-05-20 06:00:00,42.4,29.8,253.0,1.3,24.5,32.0,4.3,,85,6,20,5,2,21,1.0
28.0,47,1002.8,2026-05-20 07:00:00,41.7,28.7,282.0,2.3,19.0,52.0,5.0,,85,7,20,5,2,21,0.0
29.1,44,1003.4,2026-05-20 08:00:00,52.0,27.4,298.0,2.8,13.9,75.0,5.4,,86,8,20,5,2,21,1.0
31.3,37,1003.7,2026-05-20 09:00:00,62.4,26.7,283.0,2.2,9.6,104.0,5.2,,87,9,20,5,2,21,1.0
33.1,31,1003.5,2026-05-20 10:00:00,66.1,25.8,255.0,1.1,5.6,136.0,4.8,,87,10,20,5,2,21,0.0
36.1,26,1002.5,2026-05-20 11:00:00,67.3,26.2,229.0,0.3,2.8,159.0,4.5,,88,11,20,5,2,21,1.0
37.2,25,1001.7,2026-05-20 12:00:00,65.0,26.1,207.0,0.1,1.7,168.0,4.5,,88,12,20,5,2,21,0.0
37.7,23,1000.8,2026-05-20 13:00:00,60.8,25.3,188.0,0.1,1.7,169.0,4.7,,88,13,20,5,2,21,0.0
38.0,22,1000.2,2026-05-20 14:00:00,56.3,24.3,185.0,0.2,2.4,168.0,4.9,,88,14,20,5,2,21,0.0
37.4,23,1000.3,2026-05-20 15:00:00,51.6,23.8,203.0,0.3,2.4,170.0,5.2,,88,15,20,5,2,21,0.0
36.8,24,1000.0,2026-05-20 16:00:00,47.0,23.5,236.0,0.4,3.0,170.0,5.5,,111,16,20,5,2,21,23.0
34.2,29,999.8,2026-05-20 17:00:00,67.3,32.4,283.0,0.4,8.0,162.0,5.6,,131,17,20,5,2,21,20.0
28.3,64,1001.2,2026-05-20 18:00:00,57.6,33.5,358.0,0.3,19.4,134.0,6.3,,143,18,20,5,2,21,12.0
28.2,60,1001.2,2026-05-20 19:00:00,62.2,39.8,447.0,0.1,34.9,97.0,7.2,,143,19,20,5,2,21,0.0
28.1,59,1001.7,2026-05-20 20:00:00,71.7,48.3,504.0,0.0,44.5,69.0,7.7,,130,20,20,5,2,21,-13.0
27.7,55,1002.5,2026-05-20 21:00:00,74.3,49.8,509.0,0.0,42.4,62.0,7.5,,109,21,20,5,2,21,-21.0
28.1,57,1002.4,2026-05-20 22:00:00,61.0,42.1,482.0,0.0,34.4,66.0,6.8,,92,22,20,5,2,21,-17.0
24.4,67,1004.3,2026-05-20 23:00:00,55.2,34.9,442.0,0.0,27.6,68.0,6.1,,92,23,20,5,2,21,0.0
23.4,71,1004.5,2026-05-21 00:00:00,53.9,31.9,383.0,0.0,24.7,63.0,5.4,,92,0,21,5,3,21,0.0
22.0,82,1004.8,2026-05-21 01:00:00,52.2,30.3,311.0,0.0,23.1,56.0,4.7,,92,1,21,5,3,21,0.0
22.0,78,1005.3,2026-05-21 02:00:00,45.8,28.1,256.0,0.0,22.0,50.0,4.2,,92,2,21,5,3,21,0.0
23.7,61,1005.1,2026-05-21 03:00:00,40.3,26.1,232.0,0.0,21.8,43.0,3.9,,91,3,21,5,3,21,-1.0
23.2,65,1005.5,2026-05-21 04:00:00,36.3,24.7,226.0,0.0,22.2,37.0,3.7,,91,4,21,5,3,21,0.0
23.1,74,1005.3,2026-05-21 05:00:00,43.4,28.6,227.0,0.1,25.1,29.0,3.8,,91,5,21,5,3,21,0.0
22.5,71,1006.0,2026-05-21 06:00:00,53.8,29.0,236.0,0.7,21.6,40.0,4.1,,91,6,21,5,3,21,0.0
24.3,59,1006.7,2026-05-21 07:00:00,75.0,30.7,252.0,1.4,16.6,57.0,4.6,,91,7,21,5,3,21,0.0
26.7,49,1006.8,2026-05-21 08:00:00,93.8,30.9,260.0,1.8,12.0,76.0,4.9,,91,8,21,5,3,21,0.0
28.8,42,1006.6,2026-05-21 09:00:00,102.0,32.0,253.0,1.5,8.2,101.0,4.9,,91,9,21,5,3,21,0.0
30.6,36,1006.3,2026-05-21 10:00:00,101.0,33.1,238.0,0.8,4.9,128.0,4.7,,92,10,21,5,3,21,1.0
30.7,35,1007.3,2026-05-21 11:00:00,98.7,32.9,224.0,0.3,2.5,148.0,4.4,,92,11,21,5,3,21,0.0
31.1,34,1006.6,2026-05-21 12:00:00,94.3,32.1,213.0,0.2,1.3,155.0,4.1,,93,12,21,5,3,21,1.0
31.4,33,1005.8,2026-05-21 13:00:00,89.4,30.4,203.0,0.2,1.1,153.0,3.7,,93,13,21,5,3,21,0.0
32.4,31,1004.9,2026-05-21 14:00:00,86.6,28.9,200.0,0.2,1.7,149.0,3.5,,94,14,21,5,3,21,1.0
32.9,31,1003.8,2026-05-21 15:00:00,85.0,28.3,205.0,0.3,2.6,144.0,3.4,,94,15,21,5,3,21,0.0
32.6,32,1003.3,2026-05-21 16:00:00,82.7,28.1,216.0,0.4,4.3,137.0,3.5,,95,16,21,5,3,21,1.0
32.6,32,1002.5,2026-05-21 17:00:00,70.5,23.6,236.0,0.2,5.3,138.0,3.5,,104,17,21,5,3,21,9.0
30.5,42,1003.3,2026-05-21 18:00:00,58.3,25.4,275.0,0.1,14.9,116.0,4.3,,112,18,21,5,3,21,8.0
29.5,42,1003.5,2026-05-21 19:00:00,59.4,30.5,323.0,0.1,28.2,86.0,5.4,,109,19,21,5,3,21,-3.0
29.2,39,1004.0,2026-05-21 20:00:00,64.7,36.7,354.0,0.0,38.9,62.0,6.4,,96,20,21,5,3,21,-13.0
28.6,41,1005.4,2026-05-21 21:00:00,75.7,44.2,352.0,0.0,44.6,49.0,7.1,,92,21,21,5,3,21,-4.0
27.3,47,1006.7,2026-05-21 22:00:00,79.6,47.8,333.0,0.0,47.7,42.0,7.7,,91,22,21,5,3,21,-1.0
26.3,51,1007.4,2026-05-21 23:00:00,74.7,45.8,316.0,0.0,48.8,36.0,7.9,,92,23,21,5,3,21,1.0
25.3,61,1007.2,2026-05-22 00:00:00,71.2,44.0,313.0,0.0,47.3,30.0,7.4,,93,0,22,5,4,21,1.0
23.8,67,1007.5,2026-05-22 01:00:00,68.9,43.3,312.0,0.0,43.8,25.0,6.6,,94,1,22,5,4,21,1.0
23.6,69,1007.0,2026-05-22 02:00:00,60.3,39.3,301.0,0.0,40.2,22.0,5.8,,95,2,22,5,4,21,1.0
23.3,67,1006.7,2026-05-22 03:00:00,54.8,35.7,266.0,0.0,37.4,18.0,5.2,,96,3,22,5,4,21,1.0
22.9,67,1006.6,2026-05-22 04:00:00,51.3,33.4,220.0,0.0,34.4,16.0,4.7,,96,4,22,5,4,21,0.0
23.0,67,1006.9,2026-05-22 05:00:00,77.5,52.2,191.0,4.5,51.6,3.0,5.3,,97,5,22,5,4,21,1.0
23.5,61,1007.0,2026-05-22 06:00:00,73.1,49.9,194.0,4.5,42.4,22.0,6.1,,99,6,22,5,4,21,2.0
25.1,55,1007.4,2026-05-22 07:00:00,67.3,44.6,214.0,4.3,29.6,50.0,7.1,,101,7,22,5,4,21,2.0
26.9,49,1007.9,2026-05-22 08:00:00,74.0,34.8,229.0,3.9,18.6,78.0,7.5,,102,8,22,5,4,21,1.0
28.6,43,1008.1,2026-05-22 09:00:00,83.4,31.7,230.0,2.8,11.4,106.0,6.6,,103,9,22,5,4,21,1.0
30.3,39,1008.0,2026-05-22 10:00:00,89.9,31.5,226.0,1.4,6.2,134.0,5.1,,103,10,22,5,4,21,0.0
30.9,35,1008.3,2026-05-22 11:00:00,90.6,29.6,219.0,0.3,2.6,154.0,3.9,,102,11,22,5,4,21,-1.0
31.9,32,1007.6,2026-05-22 12:00:00,91.5,28.4,206.0,0.0,1.1,160.0,3.3,,102,12,22,5,4,21,0.0
32.6,30,1006.9,2026-05-22 13:00:00,94.3,28.0,191.0,0.1,1.2,157.0,3.1,,102,13,22,5,4,21,0.0
33.3,30,1005.9,2026-05-22 14:00:00,97.3,28.1,186.0,0.2,1.7,153.0,2.9,,101,14,22,5,4,21,-1.0
33.2,30,1005.4,2026-05-22 15:00:00,99.4,28.6,197.0,0.2,0.6,154.0,2.7,,101,15,22,5,4,21,0.0
33.0,31,1004.9,2026-05-22 16:00:00,99.7,28.8,217.0,0.1,0.0,153.0,2.7,,101,16,22,5,4,21,0.0
33.4,29,1004.3,2026-05-22 17:00:00,87.3,25.2,240.0,0.2,3.4,138.0,2.5,,116,17,22,5,4,21,15.0
31.5,38,1004.3,2026-05-22 18:00:00,83.8,27.9,264.0,0.1,14.8,116.0,3.5,,122,18,22,5,4,21,6.0
29.7,43,1004.6,2026-05-22 19:00:00,83.6,35.9,291.0,0.1,30.7,86.0,4.8,,119,19,22,5,4,21,-3.0
28.7,46,1004.7,2026-05-22 20:00:00,97.3,47.4,320.0,0.0,44.2,60.0,5.9,,104,20,22,5,4,21,-15.0
28.3,49,1005.4,2026-05-22 21:00:00,107.3,57.0,365.0,0.0,53.8,41.0,6.5,,104,21,22,5,4,21,0.0
27.7,45,1005.8,2026-05-22 22:00:00,109.7,62.6,413.0,0.0,60.9,26.0,6.9,,105,22,22,5,4,21,1.0
27.4,48,1005.7,2026-05-22 23:00:00,98.3,59.6,425.0,0.0,63.4,17.0,6.9,,106,23,22,5,4,21,1.0
26.3,50,1005.5,2026-05-23 00:00:00,82.0,52.6,371.0,0.0,58.5,17.0,6.5,,108,0,23,5,5,21,2.0
25.9,49,1005.3,2026-05-23 01:00:00,67.5,45.9,282.0,0.0,48.9,24.0,5.8,,109,1,23,5,5,21,1.0
25.4,50,1005.4,2026-05-23 02:00:00,55.3,37.8,213.0,0.0,40.3,29.0,5.1,,109,2,23,5,5,21,0.0
24.7,53,1005.7,2026-05-23 03:00:00,47.5,31.1,187.0,0.0,34.9,28.0,4.5,,109,3,23,5,5,21,0.0
23.6,55,1006.0,2026-05-23 04:00:00,42.0,27.7,181.0,0.0,30.6,26.0,4.0,,108,4,23,5,5,21,-1.0
22.7,70,1006.3,2026-05-23 05:00:00,57.0,41.8,187.0,1.7,41.9,6.0,3.8,,108,5,23,5,5,21,0.0
23.2,69,1007.1,2026-05-23 06:00:00,52.3,39.8,209.0,2.8,35.8,21.0,4.6,,107,6,23,5,5,21,-1.0
25.7,58,1007.3,2026-05-23 07:00:00,49.8,37.0,242.0,4.2,27.2,43.0,5.6,,106,7,23,5,5,21,-1.0
27.5,50,1007.9,2026-05-23 08:00:00,56.7,33.5,265.0,4.8,19.3,68.0,6.1,,105,8,23,5,5,21,-1.0
29.0,42,1008.3,2026-05-23 09:00:00,58.7,28.8,267.0,3.7,12.9,100.0,5.8,,105,9,23,5,5,21,0.0
30.8,35,1007.9,2026-05-23 10:00:00,58.6,27.4,258.0,1.8,7.2,134.0,5.0,,104,10,23,5,5,21,-1.0
31.7,31,1008.0,2026-05-23 11:00:00,57.7,26.1,247.0,0.4,3.1,158.0,4.2,,104,11,23,5,5,21,0.0
33.1,29,1007.6,2026-05-23 12:00:00,55.4,24.0,232.0,0.0,1.4,163.0,3.6,,104,12,23,5,5,21,0.0
33.8,28,1006.8,2026-05-23 13:00:00,52.3,21.6,215.0,0.1,1.3,157.0,3.0,,103,13,23,5,5,21,-1.0
34.3,27,1005.9,2026-05-23 14:00:00,50.1,20.4,206.0,0.2,1.6,151.0,2.6,,103,14,23,5,5,21,0.0
34.6,26,1005.3,2026-05-23 15:00:00,48.8,19.6,203.0,0.2,0.5,150.0,2.4,,102,15,23,5,5,21,-1.0
34.4,26,1004.7,2026-05-23 16:00:00,48.8,19.0,207.0,0.2,0.0,148.0,2.3,,101,16,23,5,5,21,-1.0
34.3,27,1004.3,2026-05-23 17:00:00,22.0,10.3,236.0,0.2,3.0,139.0,2.6,,113,17,23,5,5,21,12.0
32.0,37,1004.3,2026-05-23 18:00:00,22.4,12.4,312.0,0.1,8.7,124.0,3.1,,122,18,23,5,5,21,9.0
29.4,50,1004.3,2026-05-23 19:00:00,24.3,16.6,411.0,0.1,16.6,102.0,3.9,,120,19,23,5,5,21,-2.0
28.8,51,1004.6,2026-05-23 20:00:00,27.6,20.3,481.0,0.0,23.7,82.0,4.5,,108,20,23,5,5,21,-12.0
29.2,51,1005.2,2026-05-23 21:00:00,32.6,24.7,493.0,0.0,29.1,66.0,5.0,,94,21,23,5,5,21,-14.0
28.2,50,1005.5,2026-05-23 22:00:00,38.4,30.3,476.0,0.0,33.7,52.0,5.3,,91,22,23,5,5,21,-3.0
28.5,49,1005.3,2026-05-23 23:00:00,36.6,29.5,460.0,0.0,36.6,41.0,5.5,,89,23,23,5,5,21,-2.0
26.6,55,1005.1,2026-05-24 00:00:00,35.0,27.4,451.0,0.1,37.1,34.0,5.3,,86,0,24,5,6,21,-3.0
25.9,58,1005.0,2026-05-24 01:00:00,36.0,27.9,443.0,0.2,36.0,29.0,4.9,,84,1,24,5,6,21,-2.0
25.2,58,1004.4,2026-05-24 02:00:00,36.6,29.0,446.0,0.7,35.0,25.0,4.5,,83,2,24,5,6,21,-1.0
24.8,57,1004.3,2026-05-24 03:00:00,36.8,30.2,478.0,1.8,35.3,18.0,4.2,,82,3,24,5,6,21,-1.0
24.4,56,1004.0,2026-05-24 04:00:00,37.3,31.1,522.0,3.1,35.8,11.0,4.0,,82,4,24,5,6,21,0.0
24.7,58,1004.3,2026-05-24 05:00:00,34.9,29.3,538.0,2.1,28.3,22.0,2.8,,82,5,24,5,6,21,0.0
25.5,54,1004.9,2026-05-24 06:00:00,35.6,30.3,501.0,2.3,24.0,37.0,3.5,,81,6,24,5,6,21,-1.0
27.1,53,1005.4,2026-05-24 07:00:00,36.6,28.1,436.0,2.6,17.9,59.0,4.4,,81,7,24,5,6,21,0.0
29.2,43,1005.9,2026-05-24 08:00:00,35.6,22.4,375.0,2.6,12.4,81.0,4.9,,80,8,24,5,6,21,-1.0
30.4,39,1006.0,2026-05-24 09:00:00,35.4,19.8,329.0,2.0,8.2,105.0,4.7,,79,9,24,5,6,21,-1.0
31.8,35,1005.9,2026-05-24 10:00:00,36.7,18.6,287.0,1.0,4.6,131.0,4.1,,78,10,24,5,6,21,-1.0
33.1,30,1006.3,2026-05-24 11:00:00,34.6,16.8,254.0,0.3,2.1,148.0,3.6,,78,11,24,5,6,21,0.0
33.8,30,1005.9,2026-05-24 12:00:00,34.0,15.8,232.0,0.1,1.0,152.0,3.3,,77,12,24,5,6,21,-1.0
34.4,29,1005.2,2026-05-24 13:00:00,36.8,15.7,217.0,0.1,1.1,149.0,3.0,,76,13,24,5,6,21,-1.0
34.7,27,1004.2,2026-05-24 14:00:00,39.9,16.4,206.0,0.2,1.3,145.0,2.8,,76,14,24,5,6,21,0.0
34.8,26,1003.7,2026-05-24 15:00:00,42.0,17.0,184.0,0.2,0.8,145.0,2.7,,76,15,24,5,6,21,0.0
34.7,27,1003.1,2026-05-24 16:00:00,39.8,16.5,166.0,0.2,0.5,143.0,2.7,,91,16,24,5,6,21,15.0
34.3,28,1002.5,2026-05-24 17:00:00,39.1,16.4,187.0,0.2,2.2,136.0,2.8,,104,17,24,5,6,21,13.0
32.5,38,1002.6,2026-05-24 18:00:00,38.1,17.8,284.0,0.1,9.9,120.0,3.6,,111,18,24,5,6,21,7.0
30.1,44,1002.5,2026-05-24 19:00:00,44.5,25.4,421.0,0.1,20.7,97.0,4.8,,109,19,24,5,6,21,-2.0
29.4,47,1003.0,2026-05-24 20:00:00,54.7,36.2,524.0,0.0,29.6,77.0,5.7,,98,20,24,5,6,21,-11.0
29.1,47,1003.5,2026-05-24 21:00:00,55.4,39.2,568.0,0.0,34.6,62.0,6.3,,82,21,24,5,6,21,-16.0
28.1,49,1004.0,2026-05-24 22:00:00,55.6,40.9,579.0,0.0,37.7,50.0,6.7,,79,22,24,5,6,21,-3.0
28.7,46,1003.0,2026-05-24 23:00:00,58.8,45.4,562.0,0.0,39.7,39.0,6.7,,80,23,24,5,6,21,1.0
26.7,50,1003.4,2026-05-25 00:00:00,58.8,46.7,500.0,0.0,40.7,29.0,6.2,,81,0,25,5,0,22,1.0
25.8,55,1003.0,2026-05-25 01:00:00,54.9,44.5,411.0,0.1,40.5,20.0,5.4,,83,1,25,5,0,22,2.0
24.5,59,1002.9,2026-05-25 02:00:00,51.0,41.6,344.0,0.2,39.8,14.0,4.7,,84,2,25,5,0,22,1.0
23.5,62,1003.7,2026-05-25 03:00:00,47.3,38.6,326.0,0.3,38.8,8.0,4.2,,85,3,25,5,0,22,1.0
23.0,64,1004.1,2026-05-25 04:00:00,43.7,36.0,331.0,0.5,37.1,5.0,3.9,,86,4,25,5,0,22,1.0
24.4,63,1003.5,2026-05-25 05:00:00,44.7,37.6,337.0,1.7,37.1,6.0,3.6,,86,5,25,5,0,22,0.0
24.7,64,1003.9,2026-05-25 06:00:00,42.4,36.2,340.0,2.8,32.6,22.0,4.3,,87,6,25,5,0,22,1.0
27.5,53,1004.2,2026-05-25 07:00:00,39.2,33.4,344.0,4.3,26.3,44.0,5.3,,87,7,25,5,0,22,0.0
29.0,44,1004.5,2026-05-25 08:00:00,40.3,31.0,338.0,4.9,19.9,70.0,5.8,,88,8,25,5,0,22,1.0
30.1,35,1004.7,2026-05-25 09:00:00,37.7,25.1,313.0,3.8,13.5,101.0,5.5,,88,9,25,5,0,22,0.0
30.9,38,1004.7,2026-05-25 10:00:00,29.3,17.9,277.0,1.8,7.2,135.0,4.7,,89,10,25,5,0,22,1.0
32.2,32,1004.8,2026-05-25 11:00:00,22.8,13.5,244.0,0.3,2.6,159.0,4.0,,89,11,25,5,0,22,0.0
33.5,27,1004.3,2026-05-25 12:00:00,18.7,10.7,215.0,0.0,1.0,164.0,3.3,,88,12,25,5,0,22,-1.0
34.3,24,1003.6,2026-05-25 13:00:00,15.7,8.7,189.0,0.1,1.2,159.0,2.7,,88,13,25,5,0,22,0.0
34.6,23,1002.8,2026-05-25 14:00:00,13.6,7.2,174.0,0.2,1.6,154.0,2.2,,87,14,25,5,0,22,-1.0
35.0,19,1002.5,2026-05-25 15:00:00,12.5,6.3,176.0,0.2,0.8,154.0,1.9,,87,15,25,5,0,22,0.0
34.7,18,1002.0,2026-05-25 16:00:00,12.3,5.9,189.0,0.2,0.3,155.0,1.7,,100,16,25,5,0,22,13.0
34.0,24,1001.5,2026-05-25 17:00:00,5.2,2.5,211.0,0.2,2.9,153.0,1.6,,118,17,25,5,0,22,18.0
33.0,31,1001.4,2026-05-25 18:00:00,9.2,6.4,233.0,0.1,11.4,135.0,2.5,,129,18,25,5,0,22,11.0
29.4,39,1001.4,2026-05-25 19:00:00,16.3,13.5,263.0,0.1,23.1,110.0,3.8,,129,19,25,5,0,22,0.0
27.8,38,1002.0,2026-05-25 20:00:00,24.8,21.7,325.0,0.0,32.3,89.0,4.9,,118,20,25,5,0,22,-11.0
27.3,37,1002.7,2026-05-25 21:00:00,29.0,25.7,462.0,0.0,36.1,77.0,5.6,,102,21,25,5,0,22,-16.0
27.0,37,1003.3,2026-05-25 22:00:00,31.8,28.4,632.0,0.0,37.4,69.0,6.1,,85,22,25,5,0,22,-17.0
26.7,40,1003.6,2026-05-25 23:00:00,36.0,32.6,727.0,0.0,38.9,61.0,6.4,,79,23,25,5,0,22,-6.0
25.7,42,1003.5,2026-05-26 00:00:00,39.5,36.0,675.0,0.0,42.0,50.0,6.4,,78,0,26,5,1,22,-1.0
26.2,43,1003.6,2026-05-26 01:00:00,42.1,38.5,548.0,0.0,45.4,39.0,6.2,,77,1,26,5,1,22,-1.0
26.0,42,1003.9,2026-05-26 02:00:00,43.0,39.2,463.0,0.0,47.4,30.0,5.9,,77,2,26,5,1,22,0.0
25.0,45,1003.8,2026-05-26 03:00:00,42.6,39.0,475.0,0.1,47.8,21.0,5.5,,76,3,26,5,1,22,-1.0
23.2,54,1004.0,2026-05-26 04:00:00,41.7,38.1,528.0,0.2,46.9,14.0,5.0,,76,4,26,5,1,22,0.0
24.7,49,1004.3,2026-05-26 05:00:00,44.2,40.2,569.0,1.0,45.1,19.0,5.2,,77,5,26,5,1,22,1.0
23.6,61,1004.9,2026-05-26 06:00:00,45.2,40.4,583.0,2.2,40.0,37.0,5.8,,77,6,26,5,1,22,0.0
25.6,54,1005.3,2026-05-26 07:00:00,45.3,40.6,585.0,3.8,32.8,62.0,6.7,,77,7,26,5,1,22,0.0
27.9,47,1005.7,2026-05-26 08:00:00,44.8,37.6,561.0,4.6,25.3,91.0,7.2,,78,8,26,5,1,22,1.0
29.8,40,1005.8,2026-05-26 09:00:00,38.6,29.8,494.0,3.6,17.5,128.0,7.2,,78,9,26,5,1,22,0.0
31.8,34,1005.5,2026-05-26 10:00:00,33.8,23.5,402.0,1.8,9.5,168.0,6.9,,79,10,26,5,1,22,1.0
33.0,28,1005.8,2026-05-26 11:00:00,32.8,20.0,321.0,0.4,3.7,194.0,6.3,,79,11,26,5,1,22,0.0
34.3,24,1005.2,2026-05-26 12:00:00,31.5,17.3,262.0,0.0,1.5,195.0,5.4,,80,12,26,5,1,22,1.0
35.3,21,1004.3,2026-05-26 13:00:00,30.2,15.1,214.0,0.1,1.5,182.0,4.3,,80,13,26,5,1,22,0.0
35.8,20,1003.4,2026-05-26 14:00:00,31.3,14.2,184.0,0.2,1.9,169.0,3.4,,91,14,26,5,1,22,11.0
35.8,20,1003.0,2026-05-26 15:00:00,35.5,14.4,173.0,0.2,1.0,163.0,2.9,,119,15,26,5,1,22,28.0
35.6,20,1002.4,2026-05-26 16:00:00,40.5,14.6,180.0,0.3,0.5,156.0,2.7,,141,16,26,5,1,22,22.0
35.4,24,1002.0,2026-05-26 17:00:00,37.4,11.4,210.0,0.3,3.3,139.0,2.4,,154,17,26,5,1,22,13.0
32.9,47,1001.9,2026-05-26 18:00:00,36.7,16.2,271.0,0.2,12.1,124.0,3.2,,155,18,26,5,1,22,1.0
30.3,39,1002.1,2026-05-26 19:00:00,45.8,24.4,354.0,0.1,24.4,102.0,4.5,,148,19,26,5,1,22,-7.0
29.0,39,1002.7,2026-05-26 20:00:00,54.0,32.6,440.0,0.0,35.4,82.0,5.6,,128,20,26,5,1,22,-20.0
28.3,42,1003.4,2026-05-26 21:00:00,60.8,39.3,541.0,0.0,44.0,66.0,6.7,,104,21,26,5,1,22,-24.0
27.3,48,1004.1,2026-05-26 22:00:00,69.2,48.5,644.0,0.0,51.3,51.0,7.8,,87,22,26,5,1,22,-17.0
28.1,45,1004.2,2026-05-26 23:00:00,70.5,51.6,688.0,0.0,55.8,39.0,8.3,,88,23,26,5,1,22,1.0
27.9,42,1004.3,2026-05-27 00:00:00,70.1,51.0,618.0,0.0,56.3,30.0,7.8,,90,0,27,5,2,22,2.0
27.2,48,1003.9,2026-05-27 01:00:00,70.1,50.8,489.0,0.0,54.1,24.0,6.8,,91,1,27,5,2,22,1.0
25.6,55,1003.6,2026-05-27 02:00:00,68.2,49.1,410.0,0.0,50.9,20.0,5.9,,92,2,27,5,2,22,1.0
24.3,65,1003.6,2026-05-27 03:00:00,64.0,45.4,443.0,0.3,47.3,16.0,5.4,,93,3,27,5,2,22,1.0
23.9,63,1003.8,2026-05-27 04:00:00,60.1,42.4,526.0,0.9,42.8,15.0,5.1,,93,4,27,5,2,22,0.0
24.5,62,1003.7,2026-05-27 05:00:00,57.2,43.4,575.0,1.2,44.6,14.0,4.9,,94,5,27,5,2,22,1.0
25.2,56,1003.9,2026-05-27 06:00:00,54.5,41.7,552.0,2.1,39.1,36.0,5.5,,94,6,27,5,2,22,0.0
26.7,53,1004.6,2026-05-27 07:00:00,50.1,39.5,497.0,3.3,31.1,66.0,6.3,,94,7,27,5,2,22,0.0
30.4,42,1004.8,2026-05-27 08:00:00,52.7,37.4,441.0,3.8,23.4,98.0,6.7,,94,8,27,5,2,22,0.0
32.6,30,1005.1,2026-05-27 09:00:00,53.8,33.1,395.0,3.0,16.0,132.0,6.5,,94,9,27,5,2,22,0.0
33.4,28,1004.8,2026-05-27 10:00:00,54.6,28.9,349.0,1.5,8.8,167.0,5.9,,94,10,27,5,2,22,0.0
34.7,24,1004.7,2026-05-27 11:00:00,54.2,26.0,307.0,0.4,3.6,189.0,5.2,,95,11,27,5,2,22,1.0
36.0,23,1004.0,2026-05-27 12:00:00,55.1,24.2,268.0,0.1,1.5,188.0,4.5,,95,12,27,5,2,22,0.0
37.1,21,1002.8,2026-05-27 13:00:00,54.6,22.0,233.0,0.1,1.4,173.0,3.6,,96,13,27,5,2,22,1.0
37.5,21,1002.5,2026-05-27 14:00:00,51.7,19.8,215.0,0.2,1.9,160.0,3.1,,96,14,27,5,2,22,0.0
37.4,21,1001.8,2026-05-27 15:00:00,51.6,19.3,223.0,0.2,1.5,157.0,2.9,,116,15,27,5,2,22,20.0
37.4,20,1001.4,2026-05-27 16:00:00,49.7,18.8,248.0,0.3,1.7,155.0,3.0,,135,16,27,5,2,22,19.0
37.6,28,1000.5,2026-05-27 17:00:00,42.5,14.9,273.0,0.3,4.6,139.0,2.6,,147,17,27,5,2,22,12.0
34.5,45,1000.7,2026-05-27 18:00:00,43.5,18.7,293.0,0.2,14.5,124.0,3.6,,149,18,27,5,2,22,2.0
32.0,37,1000.7,2026-05-27 19:00:00,49.0,26.0,312.0,0.1,28.4,102.0,5.0,,140,19,27,5,2,22,-9.0
30.7,36,1001.0,2026-05-27 20:00:00,60.5,37.0,331.0,0.0,40.0,82.0,6.2,,121,20,27,5,2,22,-19.0
30.0,37,1001.8,2026-05-27 21:00:00,69.2,45.3,346.0,0.0,47.8,64.0,7.1,,99,21,27,5,2,22,-22.0
29.3,38,1002.2,2026-05-27 22:00:00,73.3,50.2,361.0,0.0,53.3,46.0,7.9,,99,22,27,5,2,22,0.0
30.4,35,1001.6,2026-05-27 23:00:00,71.5,50.3,382.0,0.0,55.6,34.0,8.2,,99,23,27,5,2,22,0.0
27.3,50,1002.2,2026-05-28 00:00:00,66.8,46.8,429.0,0.0,53.0,30.0,7.8,,99,0,28,5,3,22,0.0
27.4,49,1002.2,2026-05-28 01:00:00,62.4,42.7,483.0,0.0,47.2,30.0,6.9,,98,1,28,5,3,22,-1.0
28.3,39,1002.3,2026-05-28 02:00:00,61.7,40.7,495.0,0.0,41.8,30.0,6.1,,98,2,28,5,3,22,0.0
28.8,34,1002.3,2026-05-28 03:00:00,57.4,38.1,427.0,0.3,38.5,25.0,5.4,,97,3,28,5,3,22,-1.0
28.6,33,1002.5,2026-05-28 04:00:00,52.7,36.0,316.0,0.7,35.6,19.0,4.7,,96,4,28,5,3,22,-1.0
27.1,35,1002.4,2026-05-28 05:00:00,48.2,35.9,233.0,1.1,35.3,18.0,4.3,,96,5,28,5,3,22,0.0
28.7,29,1003.0,2026-05-28 06:00:00,43.3,32.8,209.0,2.0,31.1,36.0,4.8,,95,6,28,5,3,22,-1.0
30.5,25,1003.6,2026-05-28 07:00:00,38.4,30.2,211.0,3.3,25.2,63.0,5.3,,95,7,28,5,3,22,0.0
31.1,26,1004.2,2026-05-28 08:00:00,41.9,30.7,211.0,3.8,19.2,89.0,5.5,,94,8,28,5,3,22,-1.0
32.3,28,1004.4,2026-05-28 09:00:00,42.5,25.0,199.0,3.0,13.1,115.0,4.9,,93,9,28,5,3,22,-1.0
34.2,23,1004.3,2026-05-28 10:00:00,33.6,17.9,185.0,1.4,7.0,141.0,3.8,,93,10,28,5,3,22,0.0
35.7,19,1004.3,2026-05-28 11:00:00,25.1,12.5,172.0,0.3,2.6,159.0,2.9,,92,11,28,5,3,22,-1.0
36.7,17,1004.0,2026-05-28 12:00:00,20.2,9.2,159.0,0.0,1.0,162.0,2.3,,91,12,28,5,3,22,-1.0
37.5,16,1003.1,2026-05-28 13:00:00,19.0,7.9,148.0,0.1,1.0,156.0,1.8,,90,13,28,5,3,22,-1.0
38.0,15,1002.5,2026-05-28 14:00:00,17.7,7.2,148.0,0.2,1.5,151.0,1.5,,89,14,28,5,3,22,-1.0
38.2,14,1001.7,2026-05-28 15:00:00,15.6,6.5,163.0,0.2,1.5,152.0,1.3,,88,15,28,5,3,22,-1.0
37.8,15,1001.4,2026-05-28 16:00:00,13.6,6.0,189.0,0.3,1.9,153.0,1.3,,106,16,28,5,3,22,18.0
37.3,19,1000.4,2026-05-28 17:00:00,3.1,2.7,224.0,0.3,3.9,154.0,1.5,,119,17,28,5,3,22,13.0
34.7,31,1000.3,2026-05-28 18:00:00,5.0,4.5,273.0,0.2,9.7,137.0,2.3,,128,18,28,5,3,22,9.0
32.3,29,1000.1,2026-05-28 19:00:00,9.3,8.7,331.0,0.1,18.0,113.0,3.3,,127,19,28,5,3,22,-1.0
30.5,27,1000.4,2026-05-28 20:00:00,17.8,16.5,384.0,0.0,26.8,89.0,4.4,,117,20,28,5,3,22,-10.0
29.9,26,1001.0,2026-05-28 21:00:00,26.1,24.5,432.0,0.0,36.7,67.0,5.5,,102,21,28,5,3,22,-15.0
28.0,34,1001.9,2026-05-28 22:00:00,34.0,32.0,474.0,0.0,47.1,46.0,6.7,,83,22,28,5,3,22,-19.0
28.8,33,1001.4,2026-05-28 23:00:00,39.3,37.1,495.0,0.0,54.0,30.0,7.3,,77,23,28,5,3,22,-6.0
28.9,29,1000.7,2026-05-29 00:00:00,41.1,38.6,483.0,0.0,55.5,20.0,7.1,,76,0,29,5,4,22,-1.0
28.6,26,1000.0,2026-05-29 01:00:00,39.9,37.1,449.0,0.0,53.6,16.0,6.4,,76,1,29,5,4,22,0.0
26.8,29,1000.1,2026-05-29 02:00:00,38.5,35.5,417.0,0.1,50.3,13.0,5.7,,75,2,29,5,4,22,-1.0
25.8,36,1000.2,2026-05-29 03:00:00,36.4,33.4,382.0,0.7,45.9,10.0,5.0,,75,3,29,5,4,22,0.0
25.7,27,1000.3,2026-05-29 04:00:00,33.8,30.9,347.0,1.4,40.1,10.0,4.2,,75,4,29,5,4,22,0.0
25.9,30,1000.2,2026-05-29 05:00:00,30.0,27.4,346.0,2.5,33.0,12.0,3.2,,74,5,29,5,4,22,-1.0
26.0,36,1000.7,2026-05-29 06:00:00,28.9,26.1,414.0,3.1,29.9,30.0,3.7,,73,6,29,5,4,22,-1.0
27.9,37,1001.6,2026-05-29 07:00:00,29.3,25.8,515.0,3.9,25.5,56.0,4.3,,73,7,29,5,4,22,0.0
30.6,31,1002.3,2026-05-29 08:00:00,33.9,28.0,572.0,4.1,20.6,84.0,4.8,,73,8,29,5,4,22,0.0
32.2,26,1002.5,2026-05-29 09:00:00,37.0,28.9,542.0,3.1,14.8,118.0,4.9,,72,9,29,5,4,22,-1.0
33.4,25,1002.6,2026-05-29 10:00:00,36.1,24.3,468.0,1.6,8.5,154.0,4.8,,73,10,29,5,4,22,1.0
34.6,28,1002.8,2026-05-29 11:00:00,33.1,19.4,398.0,0.4,3.8,180.0,4.5,,73,11,29,5,4,22,0.0
36.3,22,1002.1,2026-05-29 12:00:00,30.7,17.0,341.0,0.1,2.0,187.0,4.1,,74,12,29,5,4,22,1.0
37.7,21,1001.3,2026-05-29 13:00:00,29.3,15.7,287.0,0.1,1.8,183.0,3.5,,74,13,29,5,4,22,0.0
38.2,20,1000.4,2026-05-29 14:00:00,28.1,15.0,257.0,0.2,2.0,177.0,3.0,,78,14,29,5,4,22,4.0
38.5,19,999.8,2026-05-29 15:00:00,26.3,13.9,267.0,0.2,1.1,172.0,2.6,,109,15,29,5,4,22,31.0
38.3,18,999.6,2026-05-29 16:00:00,23.6,12.2,301.0,0.2,0.5,166.0,2.3,,133,16,29,5,4,22,24.0
37.4,28,998.8,2026-05-29 17:00:00,12.2,7.0,328.0,0.2,3.3,151.0,2.0,,151,17,29,5,4,22,18.0
35.2,43,999.4,2026-05-29 18:00:00,14.6,10.1,335.0,0.1,12.2,134.0,3.0,,156,18,29,5,4,22,5.0
31.8,38,1000.2,2026-05-29 19:00:00,22.6,19.0,335.0,0.1,24.3,110.0,4.4,,153,19,29,5,4,22,-3.0
32.3,28,1000.9,2026-05-29 20:00:00,33.8,27.5,339.0,0.0,31.1,96.0,5.7,,139,20,29,5,4,22,-14.0
31.8,26,1001.8,2026-05-29 21:00:00,49.7,33.2,354.0,0.0,27.3,102.0,7.0,,119,21,29,5,4,22,-20.0
30.6,30,1002.7,2026-05-29 22:00:00,63.6,38.0,373.0,0.0,18.2,118.0,8.2,,102,22,29,5,4,22,-17.0
29.8,37,1002.6,2026-05-29 23:00:00,71.0,42.1,389.0,0.0,12.1,126.0,9.0,,90,23,29,5,4,22,-12.0
29.6,36,1002.3,2026-05-30 00:00:00,73.3,44.9,396.0,0.0,12.5,119.0,9.2,,81,0,30,5,5,22,-9.0
28.5,38,1002.4,2026-05-30 01:00:00,74.5,46.8,399.0,0.0,15.8,105.0,9.1,,81,1,30,5,5,22,0.0
27.4,42,1002.7,2026-05-30 02:00:00,77.5,49.4,405.0,0.0,19.2,93.0,9.0,,82,2,30,5,5,22,1.0
26.6,45,1003.1,2026-05-30 03:00:00,82.2,52.3,421.0,0.0,22.4,83.0,9.0,,83,3,30,5,5,22,1.0
26.4,45,1003.7,2026-05-30 04:00:00,87.1,54.9,440.0,0.0,25.7,74.0,8.9,,85,4,30,5,5,22,2.0
27.3,39,1003.0,2026-05-30 05:00:00,87.8,56.0,450.0,0.1,25.5,66.0,8.7,,86,5,30,5,5,22,1.0
25.7,46,1003.8,2026-05-30 06:00:00,89.6,56.8,446.0,0.5,21.4,82.0,9.3,,89,6,30,5,5,22,3.0
26.3,47,1005.6,2026-05-30 07:00:00,86.4,56.2,433.0,0.9,15.7,105.0,10.0,,91,7,30,5,5,22,2.0
27.2,48,1006.6,2026-05-30 08:00:00,105.7,57.7,413.0,1.2,10.6,127.0,10.5,,93,8,30,5,5,22,2.0
29.0,45,1007.5,2026-05-30 09:00:00,166.7,59.8,384.0,1.0,6.9,148.0,10.5,,96,9,30,5,5,22,3.0
30.1,47,1007.7,2026-05-30 10:00:00,220.3,65.7,349.0,0.5,3.9,169.0,10.3,,98,10,30,5,5,22,2.0
32.3,42,1006.1,2026-05-30 11:00:00,239.3,68.0,318.0,0.2,1.9,183.0,10.0,,102,11,30,5,5,22,4.0
33.6,37,1006.0,2026-05-30 12:00:00,224.0,64.3,295.0,0.1,1.2,186.0,9.8,,107,12,30,5,5,22,5.0
34.0,35,1005.4,2026-05-30 13:00:00,214.7,61.0,276.0,0.2,1.5,182.0,9.5,,112,13,30,5,5,22,5.0
34.6,32,1004.9,2026-05-30 14:00:00,224.4,63.8,264.0,0.2,1.9,178.0,9.2,,118,14,30,5,5,22,6.0
34.1,31,1004.6,2026-05-30 15:00:00,238.0,66.1,256.0,0.2,1.2,180.0,8.9,,138,15,30,5,5,22,20.0
34.1,29,1004.1,2026-05-30 16:00:00,233.3,65.0,254.0,0.2,0.5,181.0,8.5,,153,16,30,5,5,22,15.0
34.5,28,1002.2,2026-05-30 17:00:00,142.5,46.3,269.0,0.3,3.7,156.0,5.5,,162,17,30,5,5,22,9.0
32.4,36,1002.9,2026-05-30 18:00:00,138.8,49.8,313.0,0.2,8.9,140.0,5.9,,163,18,30,5,5,22,1.0
30.4,42,1003.5,2026-05-30 19:00:00,125.3,53.2,374.0,0.1,15.8,117.0,6.3,,158,19,30,5,5,22,-5.0
29.3,45,1004.4,2026-05-30 20:00:00,128.5,57.0,427.0,0.0,20.2,100.0,6.7,,147,20,30,5,5,22,-11.0
28.8,49,1005.0,2026-05-30 21:00:00,127.1,58.1,462.0,0.0,19.3,95.0,6.8,,148,21,30,5,5,22,1.0
28.1,52,1005.8,2026-05-30 22:00:00,121.1,56.7,488.0,0.0,15.9,96.0,6.8,,150,22,30,5,5,22,2.0
28.3,52,1005.0,2026-05-30 23:00:00,110.4,53.6,508.0,0.0,13.1,95.0,6.7,,151,23,30,5,5,22,1.0
27.2,55,1005.3,2026-05-31 00:00:00,96.6,49.5,514.0,0.0,12.3,90.0,6.4,,151,0,31,5,6,22,0.0
26.3,58,1005.5,2026-05-31 01:00:00,84.5,45.4,514.0,0.0,12.2,84.0,5.9,,151,1,31,5,6,22,0.0
25.8,59,1006.0,2026-05-31 02:00:00,74.0,41.9,535.0,0.0,12.6,78.0,5.6,,151,2,31,5,6,22,0.0
25.5,60,1006.2,2026-05-31 03:00:00,65.7,38.6,617.0,0.0,13.9,69.0,5.4,,151,3,31,5,6,22,0.0
24.9,63,1006.6,2026-05-31 04:00:00,60.5,36.7,720.0,0.0,15.7,60.0,5.3,,150,4,31,5,6,22,-1.0
25.0,64,1007.0,2026-05-31 05:00:00,35.3,24.0,755.0,0.0,9.8,88.0,5.3,,149,5,31,5,6,22,-1.0
25.2,64,1007.7,2026-05-31 06:00:00,30.5,22.2,658.0,0.2,8.7,98.0,5.6,,146,6,31,5,6,22,-3.0
26.5,59,1008.3,2026-05-31 07:00:00,27.5,19.8,493.0,0.5,7.2,112.0,6.1,,143,7,31,5,6,22,-3.0
27.8,55,1009.0,2026-05-31 08:00:00,16.9,13.6,363.0,0.6,5.7,126.0,6.4,,139,8,31,5,6,22,-4.0
29.4,51,1009.0,2026-05-31 09:00:00,15.8,12.4,312.0,0.5,4.2,141.0,6.3,,134,9,31,5,6,22,-5.0
30.7,48,1008.6,2026-05-31 10:00:00,23.5,13.8,297.0,0.3,2.6,155.0,6.1,,129,10,31,5,6,22,-5.0
31.4,44,1009.0,2026-05-31 11:00:00,36.1,17.9,286.0,0.2,1.5,166.0,5.9,,124,11,31,5,6,22,-5.0
32.5,42,1008.2,2026-05-31 12:00:00,52.4,24.9,271.0,0.1,1.1,170.0,5.9,,119,12,31,5,6,22,-5.0
33.2,40,1007.5,2026-05-31 13:00:00,71.5,33.2,260.0,0.1,1.2,169.0,5.9,,115,13,31,5,6,22,-4.0
33.8,38,1006.8,2026-05-31 14:00:00,84.8,38.1,255.0,0.1,1.3,168.0,5.9,,112,14,31,5,6,22,-3.0
34.2,37,1006.0,2026-05-31 15:00:00,87.8,39.1,252.0,0.1,1.0,168.0,5.7,,123,15,31,5,6,22,11.0
34.3,37,1005.5,2026-05-31 16:00:00,88.7,39.3,254.0,0.1,0.7,167.0,5.4,,135,16,31,5,6,22,12.0
34.0,35,1005.1,2026-05-31 17:00:00,104.1,46.4,268.0,0.1,2.0,161.0,5.5,,144,17,31,5,6,22,9.0
32.7,43,1004.8,2026-05-31 18:00:00,99.9,47.0,303.0,0.1,6.3,144.0,5.7,,148,18,31,5,6,22,4.0
30.4,50,1005.1,2026-05-31 19:00:00,95.0,49.8,349.0,0.0,12.3,120.0,5.9,,146,19,31,5,6,22,-2.0
29.1,52,1005.6,2026-05-31 20:00:00,88.7,50.8,385.0,0.0,16.9,100.0,6.1,,136,20,31,5,6,22,-10.0
28.3,53,1006.2,2026-05-31 21:00:00,82.9,49.2,400.0,0.0,18.9,87.0,6.1,,121,21,31,5,6,22,-15.0
27.9,57,1006.7,2026-05-31 22:00:00,81.7,49.0,405.0,0.0,19.5,78.0,6.0,,104,22,31,5,6,22,-17.0
28.2,57,1006.8,2026-05-31 23:00:00,79.9,48.4,408.0,0.0,19.7,70.0,5.8,,100,23,31,5,6,22,-4.0
27.6,57,1006.6,2026-06-01 00:00:00,76.8,46.2,413.0,0.0,19.5,65.0,5.6,,100,0,1,6,0,23,0.0
27.1,56,1006.6,2026-06-01 01:00:00,75.7,44.1,417.0,0.0,18.9,61.0,5.4,,100,1,1,6,0,23,0.0
26.1,60,1006.4,2026-06-01 02:00:00,75.9,43.2,418.0,0.0,18.8,57.0,5.2,,100,2,1,6,0,23,0.0
25.6,62,1006.3,2026-06-01 03:00:00,78.5,43.4,415.0,0.0,20.5,49.0,5.0,,100,3,1,6,0,23,0.0
25.4,63,1006.4,2026-06-01 04:00:00,82.7,44.8,410.0,0.0,22.8,40.0,4.9,,100,4,1,6,0,23,0.0
25.8,61,1006.4,2026-06-01 05:00:00,74.3,41.8,407.0,0.2,22.0,38.0,4.8,,101,5,1,6,0,23,1.0
26.2,62,1006.9,2026-06-01 06:00:00,76.6,43.1,414.0,0.5,18.2,58.0,6.2,,103,6,1,6,0,23,2.0
28.0,56,1007.4,2026-06-01 07:00:00,85.2,43.7,423.0,0.8,12.8,87.0,8.1,,105,7,1,6,0,23,2.0
29.8,49,1007.6,2026-06-01 08:00:00,118.0,47.4,420.0,1.0,8.2,113.0,9.3,,107,8,1,6,0,23,2.0
31.2,46,1007.9,2026-06-01 09:00:00,133.6,49.6,390.0,0.8,5.2,133.0,9.1,,111,9,1,6,0,23,4.0
32.4,44,1008.0,2026-06-01 10:00:00,135.5,49.9,348.0,0.5,3.0,150.0,8.2,,115,10,1,6,0,23,4.0
33.1,43,1008.0,2026-06-01 11:00:00,135.5,49.7,316.0,0.2,1.5,161.0,7.4,,119,11,1,6,0,23,4.0
33.6,43,1007.5,2026-06-01 12:00:00,134.6,49.5,306.0,0.1,0.9,165.0,7.0,,122,12,1,6,0,23,3.0
34.4,41,1006.8,2026-06-01 13:00:00,134.1,49.6,306.0,0.1,1.0,163.0,6.6,,124,13,1,6,0,23,2.0
34.6,40,1005.9,2026-06-01 14:00:00,130.4,49.0,307.0,0.1,1.3,160.0,6.3,,126,14,1,6,0,23,2.0
34.9,39,1005.3,2026-06-01 15:00:00,124.8,47.6,300.0,0.1,1.1,159.0,6.0,,127,15,1,6,0,23,1.0
35.0,38,1004.9,2026-06-01 16:00:00,119.2,46.3,294.0,0.2,1.0,156.0,5.8,,128,16,1,6,0,23,1.0
35.1,37,1004.0,2026-06-01 17:00:00,86.6,35.5,301.0,0.1,2.3,145.0,5.3,,132,17,1,6,0,23,4.0
33.8,44,1004.2,2026-06-01 18:00:00,83.4,37.0,334.0,0.1,5.8,133.0,5.5,,134,18,1,6,0,23,2.0
31.8,46,1004.5,2026-06-01 19:00:00,78.0,39.2,379.0,0.0,10.6,115.0,5.8,,131,19,1,6,0,23,-3.0
30.9,43,1005.0,2026-06-01 20:00:00,77.3,41.6,412.0,0.0,14.5,100.0,6.0,,126,20,1,6,0,23,-5.0
30.3,44,1005.8,2026-06-01 21:00:00,77.3,43.2,419.0,0.0,16.6,89.0,6.2,,125,21,1,6,0,23,-1.0
29.5,47,1006.2,2026-06-01 22:00:00,80.1,45.6,412.0,0.0,17.8,81.0,6.4,,124,22,1,6,0,23,-1.0
29.5,52,1005.5,2026-06-01 23:00:00,86.1,48.8,406.0,0.0,18.5,74.0,6.5,,124,23,1,6,0,23,0.0
28.7,55,1005.5,2026-06-02 00:00:00,92.4,51.1,402.0,0.0,18.6,70.0,6.5,,124,0,2,6,1,23,0.0
28.6,56,1005.4,2026-06-02 01:00:00,98.0,52.3,398.0,0.0,18.2,67.0,6.3,,124,1,2,6,1,23,0.0
28.0,59,1005.3,2026-06-02 02:00:00,103.8,53.2,401.0,0.0,18.1,65.0,6.3,,125,2,2,6,1,23,1.0
27.3,62,1005.6,2026-06-02 03:00:00,110.4,54.8,416.0,0.0,18.9,61.0,6.4,,126,3,2,6,1,23,1.0
26.6,65,1006.3,2026-06-02 04:00:00,117.8,57.2,437.0,0.0,20.0,56.0,6.6,,127,4,2,6,1,23,1.0
26.7,67,1006.3,2026-06-02 05:00:00,112.2,55.5,452.0,0.1,19.4,50.0,6.0,,129,5,2,6,1,23,2.0
25.9,69,1007.6,2026-06-02 06:00:00,103.6,53.9,457.0,0.3,15.6,71.0,7.3,,130,6,2,6,1,23,1.0
26.5,71,1008.7,2026-06-02 07:00:00,122.5,56.8,457.0,0.5,10.3,101.0,9.0,,131,7,2,6,1,23,1.0
28.1,63,1009.0,2026-06-02 08:00:00,141.6,60.3,450.0,0.6,6.0,126.0,10.1,,133,8,2,6,1,23,2.0
30.4,54,1008.9,2026-06-02 09:00:00,149.0,61.5,435.0,0.5,3.7,143.0,9.9,,134,9,2,6,1,23,1.0
32.2,48,1008.4,2026-06-02 10:00:00,158.3,62.6,413.0,0.3,2.3,155.0,9.1,,135,10,2,6,1,23,1.0
34.3,39,1007.6,2026-06-02 11:00:00,169.0,64.3,390.0,0.2,1.5,164.0,8.4,,136,11,2,6,1,23,1.0
34.7,38,1006.8,2026-06-02 12:00:00,174.6,65.4,364.0,0.1,1.1,168.0,8.0,,138,12,2,6,1,23,2.0
35.2,38,1006.2,2026-06-02 13:00:00,167.6,63.6,336.0,0.1,1.2,168.0,7.6,,140,13,2,6,1,23,2.0
35.1,36,1004.9,2026-06-02 14:00:00,160.2,61.5,316.0,0.1,1.4,167.0,7.2,,141,14,2,6,1,23,1.0
35.2,35,1004.7,2026-06-02 15:00:00,152.3,58.7,302.0,0.1,1.3,165.0,6.7,,142,15,2,6,1,23,1.0
33.6,40,1004.0,2026-06-02 16:00:00,143.0,55.2,296.0,0.1,1.4,162.0,6.1,,144,16,2,6,1,23,2.0
35.4,33,1002.3,2026-06-02 17:00:00,102.7,40.2,309.0,0.1,2.4,149.0,5.4,,144,17,2,6,1,23,0.0
34.0,50,1002.1,2026-06-02 18:00:00,99.4,42.7,355.0,0.1,11.6,130.0,6.1,,145,18,2,6,1,23,1.0
31.8,53,1002.8,2026-06-02 19:00:00,97.8,47.7,421.0,0.0,24.4,104.0,7.0,,146,19,2,6,1,23,1.0
30.9,51,1003.4,2026-06-02 20:00:00,108.0,57.4,470.0,0.0,34.2,81.0,7.8,,146,20,2,6,1,23,0.0
30.0,51,1004.3,2026-06-02 21:00:00,114.3,63.8,487.0,0.0,38.6,66.0,8.2,,148,21,2,6,1,23,2.0
29.9,45,1004.9,2026-06-02 22:00:00,116.2,67.1,489.0,0.0,40.2,56.0,8.4,,150,22,2,6,1,23,2.0
28.1,52,1005.1,2026-06-02 23:00:00,113.4,66.8,489.0,0.0,39.7,49.0,8.5,,151,23,2,6,1,23,1.0
27.4,55,1004.8,2026-06-03 00:00:00,105.0,62.6,489.0,0.0,36.3,47.0,8.3,,151,0,3,6,2,23,0.0
27.0,58,1004.6,2026-06-03 01:00:00,96.9,58.1,487.0,0.0,30.9,49.0,7.9,,152,1,3,6,2,23,1.0
26.2,63,1004.5,2026-06-03 02:00:00,89.6,54.5,496.0,0.0,27.2,49.0,7.6,,152,2,3,6,2,23,0.0
25.9,64,1004.4,2026-06-03 03:00:00,85.9,54.7,531.0,0.1,27.6,42.0,7.4,,152,3,3,6,2,23,0.0
25.8,65,1004.4,2026-06-03 04:00:00,83.6,55.4,576.0,0.2,29.7,33.0,7.3,,152,4,3,6,2,23,0.0
24.8,78,1004.8,2026-06-03 05:00:00,64.5,46.9,594.0,0.1,18.7,45.0,6.2,,152,5,3,6,2,23,0.0
25.7,74,1005.5,2026-06-03 06:00:00,65.7,48.7,560.0,0.4,15.8,62.0,7.2,,151,6,3,6,2,23,-1.0
27.6,62,1005.6,2026-06-03 07:00:00,64.5,45.9,499.0,0.8,11.7,87.0,8.5,,151,7,3,6,2,23,0.0
29.8,53,1005.5,2026-06-03 08:00:00,71.7,43.2,450.0,1.0,8.1,111.0,9.4,,151,8,3,6,2,23,0.0
31.4,48,1005.5,2026-06-03 09:00:00,78.2,43.5,433.0,0.8,5.5,133.0,9.6,,150,9,3,6,2,23,-1.0
32.4,46,1004.9,2026-06-03 10:00:00,85.0,43.7,428.0,0.5,3.4,154.0,9.3,,150,10,3,6,2,23,0.0
32.4,44,1005.1,2026-06-03 11:00:00,95.7,44.0,414.0,0.2,1.9,169.0,9.0,,148,11,3,6,2,23,-2.0
33.9,40,1004.1,2026-06-03 12:00:00,97.6,44.2,375.0,0.1,1.3,175.0,8.6,,146,12,3,6,2,23,-2.0
34.9,38,1003.0,2026-06-03 13:00:00,93.6,42.8,326.0,0.2,1.4,175.0,8.0,,144,13,3,6,2,23,-2.0
35.6,36,1001.6,2026-06-03 14:00:00,89.4,41.2,297.0,0.2,1.7,173.0,7.5,,141,14,3,6,2,23,-3.0
35.8,34,1000.7,2026-06-03 15:00:00,84.8,39.5,288.0,0.2,1.3,173.0,7.0,,139,15,3,6,2,23,-2.0
35.1,36,1000.5,2026-06-03 16:00:00,84.5,39.2,298.0,0.1,1.2,172.0,6.4,,137,16,3,6,2,23,-2.0
36.3,30,999.3,2026-06-03 17:00:00,56.0,24.4,351.0,0.2,3.3,158.0,5.4,,148,17,3,6,2,23,11.0
34.2,43,999.4,2026-06-03 18:00:00,52.0,25.2,495.0,0.1,9.6,140.0,5.8,,153,18,3,6,2,23,5.0
31.4,57,999.7,2026-06-03 19:00:00,43.0,27.0,682.0,0.1,18.4,115.0,6.4,,150,19,3,6,2,23,-3.0
29.9,62,999.9,2026-06-03 20:00:00,45.2,32.0,791.0,0.0,25.9,93.0,6.9,,139,20,3,6,2,23,-11.0
29.3,63,1000.2,2026-06-03 21:00:00,46.9,35.6,746.0,0.0,30.7,78.0,7.4,,127,21,3,6,2,23,-12.0
28.4,62,1000.2,2026-06-03 22:00:00,48.9,39.1,623.0,0.0,34.2,67.0,8.0,,124,22,3,6,2,23,-3.0
28.5,59,999.8,2026-06-03 23:00:00,49.4,41.1,524.0,0.0,36.5,57.0,8.3,,121,23,3,6,2,23,-3.0
27.9,59,999.2,2026-06-04 00:00:00,50.4,43.2,485.0,0.0,37.2,49.0,8.3,,119,0,4,6,3,23,-2.0
27.8,57,999.0,2026-06-04 01:00:00,50.6,44.0,470.0,0.0,36.8,44.0,8.0,,117,1,4,6,3,23,-2.0
27.4,59,999.1,2026-06-04 02:00:00,51.3,45.3,471.0,0.0,36.6,38.0,7.7,,115,2,4,6,3,23,-2.0
26.6,60,999.0,2026-06-04 03:00:00,51.9,46.1,498.0,0.4,38.1,29.0,7.4,,114,3,4,6,3,23,-1.0
25.7,64,999.1,2026-06-04 04:00:00,52.5,46.1,543.0,1.0,39.8,21.0,7.0,,113,4,4,6,3,23,-1.0
22.1,88,1001.4,2026-06-04 05:00:00,51.6,43.5,569.0,0.3,29.4,41.0,5.8,,112,5,4,6,3,23,-1.0
23.2,86,1002.6,2026-06-04 06:00:00,48.0,41.0,561.0,0.5,24.9,57.0,5.9,,112,6,4,6,3,23,0.0
24.0,79,1003.8,2026-06-04 07:00:00,48.5,39.0,536.0,0.8,18.5,80.0,6.1,,111,7,4,6,3,23,-1.0
24.1,83,1004.0,2026-06-04 08:00:00,41.4,29.6,505.0,1.0,12.9,103.0,6.1,,111,8,4,6,3,23,0.0
26.1,70,1003.5,2026-06-04 09:00:00,36.7,25.6,470.0,0.9,8.8,126.0,5.7,,109,9,4,6,3,23,-2.0
29.2,54,1003.6,2026-06-04 10:00:00,37.5,25.2,430.0,0.6,5.5,150.0,5.1,,107,10,4,6,3,23,-2.0
30.5,49,1003.1,2026-06-04 11:00:00,41.2,24.2,392.0,0.4,3.2,165.0,4.6,,105,11,4,6,3,23,-2.0
29.4,51,1003.1,2026-06-04 12:00:00,42.7,23.4,355.0,0.3,2.2,168.0,4.2,,103,12,4,6,3,23,-2.0
29.8,49,1003.1,2026-06-04 13:00:00,41.3,23.0,321.0,0.2,2.1,162.0,3.9,,101,13,4,6,3,23,-2.0
31.3,47,1002.6,2026-06-04 14:00:00,49.8,23.6,297.0,0.2,2.3,157.0,3.6,,99,14,4,6,3,23,-2.0
28.6,62,1002.6,2026-06-04 15:00:00,58.0,25.6,279.0,0.2,1.4,156.0,3.4,,103,15,4,6,3,23,4.0
27.2,72,1002.6,2026-06-04 16:00:00,55.4,24.7,271.0,0.2,0.8,154.0,3.2,,119,16,4,6,3,23,16.0
30.4,48,1002.3,2026-06-04 17:00:00,51.3,27.4,297.0,0.2,3.6,153.0,3.7,,130,17,4,6,3,23,11.0
29.5,52,1002.5,2026-06-04 18:00:00,50.2,26.1,388.0,0.1,7.6,140.0,4.0,,136,18,4,6,3,23,6.0
27.9,61,1002.6,2026-06-04 19:00:00,48.3,27.4,512.0,0.1,13.5,122.0,4.4,,133,19,4,6,3,23,-3.0
26.6,67,1002.3,2026-06-04 20:00:00,47.7,32.2,595.0,0.0,19.9,103.0,4.9,,124,20,4,6,3,23,-9.0
25.2,70,1002.6,2026-06-04 21:00:00,52.3,37.8,601.0,0.0,27.1,83.0,5.6,,111,21,4,6,3,23,-13.0
24.7,72,1002.8,2026-06-04 22:00:00,57.6,43.7,566.0,0.0,34.8,62.0,6.3,,96,22,4,6,3,23,-15.0
24.7,68,1001.9,2026-06-04 23:00:00,60.8,47.4,523.0,0.0,41.3,44.0,6.7,,97,23,4,6,3,23,1.0
24.1,67,1001.9,2026-06-05 00:00:00,64.0,51.1,473.0,0.0,46.1,31.0,6.6,,97,0,5,6,4,23,0.0
23.9,66,1001.4,2026-06-05 01:00:00,67.8,55.2,414.0,0.0,49.7,22.0,6.3,,98,1,5,6,4,23,1.0
23.9,65,1001.4,2026-06-05 02:00:00,70.5,58.6,376.0,0.2,51.6,15.0,5.9,,99,2,5,6,4,23,1.0
23.2,69,1001.5,2026-06-05 03:00:00,71.9,60.5,372.0,1.1,51.9,6.0,5.4,,100,3,5,6,4,23,1.0
22.5,73,1001.8,2026-06-05 04:00:00,72.2,61.5,389.0,2.4,50.6,0.0,4.9,,101,4,5,6,4,23,1.0
23.7,72,1002.2,2026-06-05 05:00:00,78.9,66.1,414.0,9.4,51.2,3.0,5.4,,103,5,5,6,4,23,2.0
23.9,76,1002.7,2026-06-05 06:00:00,79.6,66.6,459.0,7.4,41.8,34.0,7.2,,105,6,5,6,4,23,2.0
25.9,66,1003.4,2026-06-05 07:00:00,76.6,63.3,512.0,4.7,28.7,78.0,9.5,,108,7,5,6,4,23,3.0
27.9,57,1003.8,2026-06-05 08:00:00,65.0,48.5,527.0,2.5,17.6,116.0,10.6,,110,8,5,6,4,23,2.0
29.5,51,1004.2,2026-06-05 09:00:00,49.6,32.9,466.0,1.3,10.6,142.0,9.3,,112,9,5,6,4,23,2.0
30.8,46,1003.9,2026-06-05 10:00:00,45.3,28.2,367.0,0.7,5.6,161.0,6.8,,113,10,5,6,4,23,1.0
31.6,40,1004.5,2026-06-05 11:00:00,42.5,24.6,290.0,0.3,2.3,174.0,4.8,,113,11,5,6,4,23,0.0
32.7,34,1004.0,2026-06-05 12:00:00,40.6,22.8,261.0,0.1,0.9,177.0,4.0,,113,12,5,6,4,23,0.0
33.2,32,1003.2,2026-06-05 13:00:00,39.2,21.5,254.0,0.2,1.1,174.0,3.7,,113,13,5,6,4,23,0.0
33.7,31,1002.5,2026-06-05 14:00:00,36.4,20.4,255.0,0.2,1.6,170.0,3.5,,113,14,5,6,4,23,0.0
34.0,31,1001.9,2026-06-05 15:00:00,35.2,19.7,250.0,0.2,1.4,169.0,3.4,,120,15,5,6,4,23,7.0
33.8,30,1001.5,2026-06-05 16:00:00,33.2,18.7,254.0,0.1,1.4,168.0,3.4,,139,16,5,6,4,23,19.0
34.0,30,1000.8,2026-06-05 17:00:00,13.4,8.8,289.0,0.2,2.7,160.0,2.6,,150,17,5,6,4,23,11.0
31.6,41,1001.2,2026-06-05 18:00:00,15.3,11.3,396.0,0.1,11.7,140.0,3.3,,153,18,5,6,4,23,3.0
29.8,53,1001.6,2026-06-05 19:00:00,21.0,18.1,536.0,0.0,24.4,111.0,4.4,,150,19,5,6,4,23,-3.0
28.5,53,1002.1,2026-06-05 20:00:00,29.8,26.7,614.0,0.0,36.3,84.0,5.3,,136,20,5,6,4,23,-14.0
27.4,52,1002.5,2026-06-05 21:00:00,39.9,36.3,573.0,0.4,47.0,61.0,6.1,,117,21,5,6,4,23,-19.0
27.0,55,1003.2,2026-06-05 22:00:00,48.8,44.9,470.0,1.1,56.9,39.0,6.7,,106,22,5,6,4,23,-11.0
27.3,55,1003.2,2026-06-05 23:00:00,53.4,49.7,390.0,1.7,62.8,23.0,7.1,,106,23,5,6,4,23,0.0
26.3,54,1003.1,2026-06-06 00:00:00,54.1,50.6,367.0,2.1,61.9,17.0,6.9,,107,0,6,6,5,23,1.0
25.2,59,1002.9,2026-06-06 01:00:00,53.8,50.5,366.0,2.5,57.0,17.0,6.4,,107,1,6,6,5,23,0.0
24.9,61,1002.7,2026-06-06 02:00:00,52.7,49.7,363.0,2.8,52.8,17.0,6.0,,106,2,6,6,5,23,-1.0
24.6,62,1002.7,2026-06-06 03:00:00,52.3,49.5,346.0,3.1,51.8,12.0,5.7,,105,3,6,6,5,23,-1.0
24.0,64,1002.9,2026-06-06 04:00:00,52.4,49.8,328.0,3.4,51.5,6.0,5.4,,104,4,6,6,5,23,-1.0
23.8,62,1003.4,2026-06-06 05:00:00,63.1,58.3,320.0,9.9,58.7,3.0,5.7,,103,5,6,6,5,23,-1.0
24.7,61,1003.9,2026-06-06 06:00:00,60.5,56.1,335.0,8.8,51.0,23.0,6.4,,102,6,6,6,5,23,-1.0
26.7,56,1004.5,2026-06-06 07:00:00,54.2,50.1,361.0,7.2,40.1,53.0,7.4,,101,7,6,6,5,23,-1.0
28.3,50,1005.0,2026-06-06 08:00:00,45.9,39.7,371.0,5.5,29.4,84.0,7.7,,100,8,6,6,5,23,-1.0
29.9,45,1005.2,2026-06-06 09:00:00,34.1,26.4,351.0,3.6,19.4,119.0,6.8,,99,9,6,6,5,23,-1.0
31.4,39,1004.9,2026-06-06 10:00:00,28.6,20.7,316.0,1.7,9.7,157.0,5.3,,98,10,6,6,5,23,-1.0
32.7,33,1004.8,2026-06-06 11:00:00,25.2,16.9,284.0,0.3,2.8,181.0,4.0,,98,11,6,6,5,23,0.0
33.9,30,1004.1,2026-06-06 12:00:00,25.1,14.8,260.0,0.0,0.4,183.0,3.3,,97,12,6,6,5,23,-1.0
34.6,29,1003.3,2026-06-06 13:00:00,27.2,13.9,238.0,0.0,0.9,172.0,2.7,,97,13,6,6,5,23,0.0
35.1,27,1002.6,2026-06-06 14:00:00,29.1,13.6,225.0,0.2,1.6,162.0,2.4,,96,14,6,6,5,23,-1.0
35.0,27,1002.0,2026-06-06 15:00:00,31.2,14.0,209.0,0.2,0.9,160.0,2.2,,103,15,6,6,5,23,7.0
34.8,28,1001.5,2026-06-06 16:00:00,32.8,14.4,201.0,0.2,0.5,159.0,2.1,,126,16,6,6,5,23,23.0
35.8,26,1000.5,2026-06-06 17:00:00,26.4,11.8,238.0,0.2,2.9,148.0,2.0,,142,17,6,6,5,23,16.0
33.8,37,1000.9,2026-06-06 18:00:00,27.3,14.2,367.0,0.1,9.8,131.0,2.8,,148,18,6,6,5,23,6.0
31.4,48,1001.1,2026-06-06 19:00:00,30.3,19.3,541.0,0.1,19.7,106.0,3.8,,142,19,6,6,5,23,-6.0
29.8,53,1001.5,2026-06-06 20:00:00,40.2,28.2,661.0,0.0,30.2,82.0,4.9,,126,20,6,6,5,23,-16.0
28.4,55,1002.2,2026-06-06 21:00:00,49.6,37.3,682.0,0.0,42.1,61.0,6.0,,105,21,6,6,5,23,-21.0
27.9,54,1002.7,2026-06-06 22:00:00,58.9,46.6,650.0,0.0,54.6,41.0,7.2,,95,22,6,6,5,23,-10.0
28.4,48,1002.9,2026-06-06 23:00:00,65.2,53.8,600.0,0.0,62.7,25.0,7.7,,96,23,6,6,5,23,1.0
27.8,48,1002.6,2026-06-07 00:00:00,65.9,55.6,530.0,0.1,63.5,15.0,7.1,,96,0,7,6,6,23,0.0
27.4,47,1002.3,2026-06-07 01:00:00,63.1,54.5,443.0,0.2,59.8,9.0,5.9,,96,1,7,6,6,23,0.0
26.8,49,1002.3,2026-06-07 02:00:00,58.3,51.1,386.0,0.4,55.4,6.0,4.9,,97,2,7,6,6,23,1.0
26.0,54,1002.1,2026-06-07 03:00:00,54.1,47.8,383.0,0.9,51.3,3.0,4.4,,97,3,7,6,6,23,0.0
24.5,64,1002.5,2026-06-07 04:00:00,51.0,44.9,409.0,1.5,46.3,2.0,4.0,,97,4,7,6,6,23,0.0
23.1,70,1003.1,2026-06-07 05:00:00,59.3,51.9,437.0,4.8,45.1,4.0,4.0,,96,5,7,6,6,23,-1.0
23.9,68,1003.5,2026-06-07 06:00:00,55.6,49.2,470.0,4.7,39.3,26.0,4.9,,96,6,7,6,6,23,0.0
26.7,58,1004.1,2026-06-07 07:00:00,52.0,45.6,505.0,4.5,31.0,57.0,6.1,,95,7,7,6,6,23,-1.0
29.3,49,1004.3,2026-06-07 08:00:00,50.9,41.8,505.0,4.0,23.0,90.0,6.8,,95,8,7,6,6,23,0.0
31.5,40,1004.6,2026-06-07 09:00:00,43.9,32.6,440.0,2.9,15.5,128.0,6.5,,95,9,7,6,6,23,0.0
33.2,34,1004.5,2026-06-07 10:00:00,39.0,26.0,341.0,1.4,8.2,168.0,5.8,,95,10,7,6,6,23,0.0
34.2,29,1004.4,2026-06-07 11:00:00,32.5,20.3,263.0,0.3,2.9,193.0,4.9,,96,11,7,6,6,23,1.0
35.5,27,1004.0,2026-06-07 12:00:00,26.3,15.8,229.0,0.0,0.9,194.0,4.0,,96,12,7,6,6,23,0.0
35.8,26,1003.6,2026-06-07 13:00:00,24.6,13.8,217.0,0.0,1.0,180.0,3.0,,96,13,7,6,6,23,0.0
36.0,26,1002.7,2026-06-07 14:00:00,25.0,13.4,211.0,0.1,1.3,167.0,2.3,,96,14,7,6,6,23,0.0
36.2,25,1002.3,2026-06-07 15:00:00,24.9,12.6,201.0,0.1,0.5,162.0,1.9,,117,15,7,6,6,23,21.0
36.0,25,1001.9,2026-06-07 16:00:00,25.3,12.2,198.0,0.2,0.0,158.0,1.7,,139,16,7,6,6,23,22.0
36.2,26,1000.9,2026-06-07 17:00:00,17.9,8.4,220.0,0.2,2.1,149.0,1.8,,153,17,7,6,6,23,14.0
33.8,42,1000.7,2026-06-07 18:00:00,20.7,11.7,291.0,0.1,7.9,136.0,2.5,,156,18,7,6,6,23,3.0
32.2,40,1000.8,2026-06-07 19:00:00,25.2,18.4,388.0,0.1,16.1,118.0,3.4,,151,19,7,6,6,23,-5.0
30.2,43,1001.1,2026-06-07 20:00:00,31.5,24.0,455.0,0.0,24.0,100.0,4.4,,135,20,7,6,6,23,-16.0
29.4,44,1001.5,2026-06-07 21:00:00,37.6,29.2,470.0,0.0,31.3,83.0,5.4,,115,21,7,6,6,23,-20.0
29.1,42,1001.7,2026-06-07 22:00:00,46.3,36.8,455.0,0.0,38.3,66.0,6.5,,95,22,7,6,6,23,-20.0
30.1,40,1001.6,2026-06-07 23:00:00,54.7,44.9,426.0,0.0,43.4,51.0,7.0,,94,23,7,6,6,23,-1.0
27.3,47,1001.3,2026-06-08 00:00:00,57.7,48.5,373.0,0.0,45.7,38.0,6.6,,93,0,8,6,0,24,-1.0
26.5,50,1001.0,2026-06-08 01:00:00,56.2,47.8,306.0,0.0,46.1,27.0,5.8,,92,1,8,6,0,24,-1.0
26.8,48,1000.6,2026-06-08 02:00:00,53.6,45.9,272.0,0.1,45.3,19.0,5.0,,92,2,8,6,0,24,0.0
25.8,52,1000.5,2026-06-08 03:00:00,50.8,43.4,299.0,0.4,43.4,13.0,4.5,,91,3,8,6,0,24,-1.0
24.5,58,1000.6,2026-06-08 04:00:00,47.6,40.6,359.0,0.8,40.2,9.0,4.0,,91,4,8,6,0,24,0.0
24.6,60,1001.0,2026-06-08 05:00:00,57.7,50.5,415.0,4.5,43.0,7.0,4.1,,91,5,8,6,0,24,0.0
25.2,63,1001.3,2026-06-08 06:00:00,55.2,48.2,467.0,4.4,38.0,32.0,4.9,,91,6,8,6,0,24,0.0
28.1,53,1001.8,2026-06-08 07:00:00,51.0,43.5,515.0,4.3,30.9,68.0,6.0,,91,7,8,6,0,24,0.0
30.4,46,1002.2,2026-06-08 08:00:00,50.3,40.9,522.0,3.8,23.7,104.0,6.6,,90,8,8,6,0,24,-1.0
32.3,42,1002.3,2026-06-08 09:00:00,47.7,36.4,452.0,2.7,16.3,140.0,6.3,,90,9,8,6,0,24,0.0
34.0,33,1001.9,2026-06-08 10:00:00,42.7,28.5,340.0,1.3,8.8,176.0,5.5,,91,10,8,6,0,24,1.0
35.2,25,1001.4,2026-06-08 11:00:00,36.1,21.1,257.0,0.3,3.4,199.0,4.6,,91,11,8,6,0,24,0.0
36.2,23,1001.1,2026-06-08 12:00:00,29.9,16.5,234.0,0.0,1.4,200.0,3.8,,91,12,8,6,0,24,0.0
36.9,23,1000.3,2026-06-08 13:00:00,25.4,13.3,240.0,0.1,1.5,188.0,2.9,,91,13,8,6,0,24,0.0
37.3,22,999.5,2026-06-08 14:00:00,22.2,11.2,247.0,0.2,1.9,177.0,2.2,,102,14,8,6,0,24,11.0
37.5,21,999.0,2026-06-08 15:00:00,19.9,9.8,235.0,0.2,1.0,175.0,1.8,,133,15,8,6,0,24,31.0
37.4,20,998.6,2026-06-08 16:00:00,18.3,9.0,224.0,0.2,0.4,174.0,1.6,,154,16,8,6,0,24,21.0
37.5,18,998.2,2026-06-08 17:00:00,8.1,4.6,249.0,0.2,3.4,164.0,1.6,,165,17,8,6,0,24,11.0
35.3,37,998.1,2026-06-08 18:00:00,11.5,8.5,339.0,0.1,11.8,146.0,2.5,,169,18,8,6,0,24,4.0
32.4,37,998.0,2026-06-08 19:00:00,19.5,16.8,464.0,0.1,23.7,120.0,3.8,,164,19,8,6,0,24,-5.0
31.2,34,998.0,2026-06-08 20:00:00,28.4,25.2,570.0,0.0,34.5,97.0,5.0,,152,20,8,6,0,24,-12.0
30.4,33,998.2,2026-06-08 21:00:00,35.7,31.8,652.0,0.0,43.3,79.0,6.2,,130,21,8,6,0,24,-22.0
29.5,35,998.6,2026-06-08 22:00:00,45.3,41.0,714.0,0.0,51.0,63.0,7.3,,107,22,8,6,0,24,-23.0
28.7,42,998.5,2026-06-08 23:00:00,50.4,46.2,715.0,0.0,55.9,49.0,7.8,,90,23,8,6,0,24,-17.0
28.2,44,998.4,2026-06-09 00:00:00,51.3,47.3,599.0,0.0,56.9,38.0,7.4,,90,0,9,6,1,24,0.0
27.8,42,998.0,2026-06-09 01:00:00,51.1,46.9,422.0,0.1,55.1,28.0,6.4,,90,1,9,6,1,24,0.0
28.1,38,997.8,2026-06-09 02:00:00,49.8,45.6,312.0,0.2,52.3,22.0,5.6,,90,2,9,6,1,24,0.0
27.0,41,998.1,2026-06-09 03:00:00,48.1,43.9,338.0,0.5,49.1,16.0,5.0,,90,3,9,6,1,24,0.0
25.4,50,998.3,2026-06-09 04:00:00,46.0,41.7,431.0,0.9,45.0,12.0,4.6,,90,4,9,6,1,24,0.0
25.5,52,998.3,2026-06-09 05:00:00,56.2,50.9,509.0,2.8,51.1,10.0,5.2,,90,5,9,6,1,24,0.0
26.5,55,998.6,2026-06-09 06:00:00,52.7,47.7,549.0,3.0,43.9,40.0,5.8,,90,6,9,6,1,24,0.0
29.4,44,998.8,2026-06-09 07:00:00,47.1,43.2,573.0,3.3,33.7,82.0,6.7,,90,7,9,6,1,24,0.0
31.3,39,999.0,2026-06-09 08:00:00,42.6,38.9,566.0,3.2,24.2,122.0,7.1,,90,8,9,6,1,24,0.0
33.3,31,999.1,2026-06-09 09:00:00,37.6,34.2,508.0,2.4,16.3,158.0,6.8,,90,9,9,6,1,24,0.0
34.9,25,998.9,2026-06-09 10:00:00,26.4,23.2,418.0,1.2,9.0,191.0,6.2,,90,10,9,6,1,24,0.0
36.0,24,998.9,2026-06-09 11:00:00,20.1,16.1,342.0,0.3,3.9,211.0,5.4,,90,11,9,6,1,24,0.0
37.0,23,998.5,2026-06-09 12:00:00,17.2,12.8,295.0,0.0,1.8,211.0,4.5,,89,12,9,6,1,24,-1.0
37.9,22,997.6,2026-06-09 13:00:00,15.5,10.7,261.0,0.1,1.7,197.0,3.5,,89,13,9,6,1,24,0.0
38.5,20,996.8,2026-06-09 14:00:00,14.3,9.3,243.0,0.2,2.2,185.0,2.8,,124,14,9,6,1,24,35.0
38.7,19,996.4,2026-06-09 15:00:00,13.9,8.5,236.0,0.3,1.9,180.0,2.4,,154,15,9,6,1,24,30.0
38.6,20,996.0,2026-06-09 16:00:00,14.0,8.3,245.0,0.4,2.3,175.0,2.2,,169,16,9,6,1,24,15.0
37.8,29,995.1,2026-06-09 17:00:00,6.9,4.9,285.0,0.3,4.1,161.0,1.9,,178,17,9,6,1,24,9.0
34.6,40,995.0,2026-06-09 18:00:00,11.8,10.2,383.0,0.2,12.1,144.0,2.8,,178,18,9,6,1,24,0.0
32.0,40,995.2,2026-06-09 19:00:00,19.9,18.0,513.0,0.1,23.3,119.0,4.0,,171,19,9,6,1,24,-7.0
30.8,37,995.7,2026-06-09 20:00:00,27.0,24.7,607.0,0.0,33.3,97.0,5.2,,156,20,9,6,1,24,-15.0
31.4,35,996.2,2026-06-09 21:00:00,31.4,28.5,645.0,0.0,40.6,80.0,6.3,,134,21,9,6,1,24,-22.0
30.3,38,996.7,2026-06-09 22:00:00,38.9,35.3,647.0,0.0,46.7,65.0,7.2,,109,22,9,6,1,24,-25.0
30.7,39,996.7,2026-06-09 23:00:00,46.0,42.4,615.0,0.0,50.9,52.0,7.8,,88,23,9,6,1,24,-21.0
29.7,41,996.6,2026-06-10 00:00:00,48.5,45.2,517.0,0.0,52.9,41.0,7.7,,88,0,10,6,2,24,0.0
28.8,40,996.9,2026-06-10 01:00:00,48.2,45.1,385.0,0.0,53.0,33.0,7.1,,87,1,10,6,2,24,-1.0
27.7,44,996.8,2026-06-10 02:00:00,47.6,44.4,307.0,0.0,52.0,26.0,6.6,,87,2,10,6,2,24,0.0
27.0,49,996.8,2026-06-10 03:00:00,46.6,43.3,338.0,0.5,50.1,18.0,6.1,,87,3,10,6,2,24,0.0
27.0,44,997.2,2026-06-10 04:00:00,45.4,41.9,423.0,1.2,47.1,11.0,5.6,,87,4,10,6,2,24,0.0
26.8,50,997.7,2026-06-10 05:00:00,51.9,48.1,496.0,2.4,52.6,11.0,5.9,,87,5,10,6,2,24,0.0
27.0,56,998.2,2026-06-10 06:00:00,50.5,46.4,538.0,2.8,46.2,43.0,6.4,,87,6,10,6,2,24,0.0
29.7,47,998.4,2026-06-10 07:00:00,48.8,44.0,567.0,3.2,37.0,88.0,7.0,,87,7,10,6,2,24,0.0
31.6,39,998.9,2026-06-10 08:00:00,48.5,43.4,567.0,3.3,27.9,130.0,7.4,,87,8,10,6,2,24,0.0
33.0,31,999.2,2026-06-10 09:00:00,42.7,38.3,521.0,2.5,19.2,168.0,7.3,,87,9,10,6,2,24,0.0
34.7,28,998.9,2026-06-10 10:00:00,41.8,32.9,447.0,1.3,10.5,204.0,6.9,,88,10,10,6,2,24,1.0
36.1,25,998.8,2026-06-10 11:00:00,39.2,27.0,384.0,0.4,4.3,225.0,6.3,,88,11,10,6,2,24,0.0
37.4,23,998.5,2026-06-10 12:00:00,33.9,21.9,347.0,0.1,1.9,222.0,5.3,,89,12,10,6,2,24,1.0
38.2,23,997.2,2026-06-10 13:00:00,30.5,18.5,320.0,0.2,1.8,204.0,4.1,,99,13,10,6,2,24,10.0
38.8,22,996.4,2026-06-10 14:00:00,29.5,16.8,302.0,0.2,2.2,189.0,3.2,,140,14,10,6,2,24,41.0
39.2,22,995.9,2026-06-10 15:00:00,29.2,15.8,276.0,0.2,1.2,184.0,2.8,,165,15,10,6,2,24,25.0
39.2,20,995.4,2026-06-10 16:00:00,29.0,15.3,258.0,0.2,0.7,182.0,2.7,,181,16,10,6,2,24,16.0
40.2,18,994.4,2026-06-10 17:00:00,30.7,15.1,291.0,0.2,3.6,164.0,2.5,,189,17,10,6,2,24,8.0
37.6,42,994.3,2026-06-10 18:00:00,33.1,19.1,423.0,0.1,12.6,148.0,3.4,,188,18,10,6,2,24,-1.0
34.2,44,994.6,2026-06-10 19:00:00,38.5,26.2,606.0,0.1,25.3,125.0,4.6,,180,19,10,6,2,24,-8.0
32.2,50,994.8,2026-06-10 20:00:00,48.5,36.0,734.0,0.0,37.4,102.0,5.8,,164,20,10,6,2,24,-16.0
30.7,51,995.2,2026-06-10 21:00:00,57.3,44.1,761.0,0.0,48.6,80.0,7.2,,143,21,10,6,2,24,-21.0
29.8,51,995.7,2026-06-10 22:00:00,67.3,54.2,734.0,0.0,59.2,58.0,8.5,,116,22,10,6,2,24,-27.0
29.9,50,996.1,2026-06-10 23:00:00,74.0,61.2,690.0,0.0,65.4,40.0,9.2,,98,23,10,6,2,24,-18.0
30.3,48,995.9,2026-06-11 00:00:00,73.1,61.2,632.0,0.0,64.8,29.0,8.7,,99,0,11,6,3,24,1.0
29.3,47,996.0,2026-06-11 01:00:00,69.2,58.0,556.0,0.0,59.9,23.0,7.5,,101,1,11,6,3,24,2.0
27.6,52,996.3,2026-06-11 02:00:00,63.8,53.4,495.0,0.0,54.6,20.0,6.5,,102,2,11,6,3,24,1.0
27.9,48,996.1,2026-06-11 03:00:00,57.6,48.4,465.0,0.2,50.2,17.0,5.9,,103,3,11,6,3,24,1.0
29.2,35,996.1,2026-06-11 04:00:00,52.5,43.3,448.0,0.5,45.3,16.0,5.6,,104,4,11,6,3,24,1.0
29.6,24,996.5,2026-06-11 05:00:00,62.2,53.1,424.0,1.8,52.9,12.0,6.2,,104,5,11,6,3,24,0.0
29.3,27,997.1,2026-06-11 06:00:00,58.9,50.9,381.0,2.3,45.3,42.0,6.6,,104,6,11,6,3,24,0.0
30.5,27,997.6,2026-06-11 07:00:00,53.2,46.9,329.0,2.9,34.7,84.0,7.2,,105,7,11,6,3,24,1.0
32.2,26,997.8,2026-06-11 08:00:00,56.2,44.2,282.0,3.1,24.7,119.0,7.2,,105,8,11,6,3,24,0.0
33.9,23,998.0,2026-06-11 09:00:00,72.6,40.2,239.0,2.4,16.2,140.0,6.2,,105,9,11,6,3,24,0.0
35.5,23,997.8,2026-06-11 10:00:00,67.1,31.8,200.0,1.2,8.5,153.0,4.7,,105,10,11,6,3,24,0.0
37.0,20,997.7,2026-06-11 11:00:00,51.8,24.7,176.0,0.3,3.0,161.0,3.5,,105,11,11,6,3,24,0.0
38.1,18,997.2,2026-06-11 12:00:00,40.5,19.4,170.0,0.1,1.0,161.0,2.8,,105,12,11,6,3,24,0.0
38.9,18,996.4,2026-06-11 13:00:00,34.6,16.5,178.0,0.1,1.2,156.0,2.4,,105,13,11,6,3,24,0.0
39.2,17,995.8,2026-06-11 14:00:00,34.3,15.8,201.0,0.2,1.8,150.0,2.1,,105,14,11,6,3,24,0.0
39.5,17,995.5,2026-06-11 15:00:00,37.7,16.5,252.0,0.2,0.8,147.0,1.8,,106,15,11,6,3,24,1.0
39.0,18,995.4,2026-06-11 16:00:00,41.3,17.5,318.0,0.2,0.1,145.0,1.6,,119,16,11,6,3,24,13.0
38.4,28,994.1,2026-06-11 17:00:00,39.7,16.7,359.0,0.3,4.3,130.0,1.7,,125,17,11,6,3,24,6.0
37.0,30,994.5,2026-06-11 18:00:00,42.8,19.6,347.0,0.2,13.0,115.0,2.5,,122,18,11,6,3,24,-3.0
33.4,43,994.8,2026-06-11 19:00:00,49.7,27.2,311.0,0.1,24.8,94.0,3.7,,114,19,11,6,3,24,-8.0
32.1,39,995.3,2026-06-11 20:00:00,57.0,34.7,290.0,0.0,31.4,84.0,4.8,,105,20,11,6,3,24,-9.0
31.6,36,996.4,2026-06-11 21:00:00,59.3,37.4,307.0,0.0,27.6,96.0,5.9,,105,21,11,6,3,24,0.0
32.0,35,997.9,2026-06-11 22:00:00,53.3,34.9,340.0,0.0,18.7,118.0,7.0,,104,22,11,6,3,24,-1.0
31.4,38,996.9,2026-06-11 23:00:00,65.4,40.0,365.0,0.0,12.0,133.0,7.8,,102,23,11,6,3,24,-2.0
29.8,45,997.6,2026-06-12 00:00:00,86.6,46.9,371.0,0.0,10.4,135.0,8.3,,100,0,12,6,4,24,-2.0
30.0,43,998.0,2026-06-12 01:00:00,98.0,50.1,369.0,0.0,11.1,130.0,8.5,,99,1,12,6,4,24,-1.0
29.0,44,998.9,2026-06-12 02:00:00,96.4,51.5,367.0,0.0,13.1,122.0,8.6,,98,2,12,6,4,24,-1.0
27.8,44,1000.2,2026-06-12 03:00:00,103.1,54.7,368.0,0.0,17.4,110.0,8.6,,98,3,12,6,4,24,0.0
26.7,47,1002.0,2026-06-12 04:00:00,114.1,58.8,368.0,0.0,22.9,95.0,8.6,,99,4,12,6,4,24,1.0
26.7,54,1001.9,2026-06-12 05:00:00,232.8,83.8,364.0,0.0,9.3,96.0,9.1,,100,5,12,6,4,24,1.0
26.7,55,1002.7,2026-06-12 06:00:00,247.7,91.7,355.0,0.2,8.3,101.0,9.4,,103,6,12,6,4,24,3.0
28.2,51,1003.7,2026-06-12 07:00:00,239.3,90.8,342.0,0.5,7.0,108.0,9.9,,107,7,12,6,4,24,4.0
29.3,47,1004.5,2026-06-12 08:00:00,188.1,73.1,329.0,0.6,5.7,116.0,9.9,,112,8,12,6,4,24,5.0
28.2,51,1006.8,2026-06-12 09:00:00,141.6,54.6,314.0,0.5,4.6,126.0,9.2,,115,9,12,6,4,24,3.0
27.4,56,1006.4,2026-06-12 10:00:00,123.9,45.5,299.0,0.3,3.5,137.0,8.2,,116,10,12,6,4,24,1.0
30.7,47,1006.5,2026-06-12 11:00:00,126.7,44.4,286.0,0.2,2.6,146.0,7.3,,118,11,12,6,4,24,2.0
32.3,42,1006.5,2026-06-12 12:00:00,128.1,44.7,279.0,0.2,2.0,153.0,6.8,,120,12,12,6,4,24,2.0
33.2,39,1005.5,2026-06-12 13:00:00,125.3,44.4,275.0,0.2,1.7,158.0,6.4,,122,13,12,6,4,24,2.0
32.2,41,1005.6,2026-06-12 14:00:00,128.1,45.1,268.0,0.2,1.6,161.0,6.1,,125,14,12,6,4,24,3.0
32.1,42,1005.5,2026-06-12 15:00:00,132.2,45.9,248.0,0.2,0.9,164.0,5.9,,128,15,12,6,4,24,3.0
32.4,40,1005.1,2026-06-12 16:00:00,134.1,46.4,224.0,0.1,0.4,165.0,5.7,,131,16,12,6,4,24,3.0
31.7,43,1003.1,2026-06-12 17:00:00,87.8,35.3,222.0,0.1,3.1,158.0,6.2,,134,17,12,6,4,24,3.0
31.3,45,1003.5,2026-06-12 18:00:00,88.2,35.5,259.0,0.1,8.7,140.0,6.4,,136,18,12,6,4,24,2.0
29.2,52,1004.7,2026-06-12 19:00:00,88.9,39.3,318.0,0.0,16.5,115.0,6.7,,138,19,12,6,4,24,2.0
28.0,56,1005.4,2026-06-12 20:00:00,77.3,42.5,368.0,0.0,22.3,94.0,6.9,,139,20,12,6,4,24,1.0
21.9,91,1008.1,2026-06-12 21:00:00,71.5,43.0,402.0,0.0,23.4,82.0,6.7,,140,21,12,6,4,24,1.0
22.9,90,1008.3,2026-06-12 22:00:00,68.5,41.0,427.0,0.0,22.6,74.0,6.4,,141,22,12,6,4,24,1.0
24.4,73,1006.1,2026-06-12 23:00:00,74.0,43.4,442.0,0.0,23.9,65.0,6.3,,141,23,12,6,4,24,0.0
24.7,71,1005.5,2026-06-13 00:00:00,75.9,48.0,438.0,0.0,30.3,51.0,6.5,,142,0,13,6,5,24,1.0
24.6,72,1005.3,2026-06-13 01:00:00,76.4,50.4,423.0,0.0,38.9,35.0,6.8,,142,1,13,6,5,24,0.0
24.4,74,1005.1,2026-06-13 02:00:00,82.4,54.0,419.0,0.0,44.6,24.0,7.1,,142,2,13,6,5,24,0.0
24.0,78,1005.1,2026-06-13 03:00:00,87.8,57.3,442.0,0.4,45.6,18.0,7.1,,142,3,13,6,5,24,0.0
23.7,81,1005.3,2026-06-13 04:00:00,88.5,56.8,477.0,0.9,43.8,16.0,7.1,,142,4,13,6,5,24,0.0
23.2,74,1004.8,2026-06-13 05:00:00,65.0,43.9,500.0,0.2,25.4,47.0,6.9,,142,5,13,6,5,24,0.0
23.7,70,1005.6,2026-06-13 06:00:00,68.2,46.8,503.0,0.7,21.7,63.0,7.6,,138,6,13,6,5,24,-4.0
25.5,60,1006.1,2026-06-13 07:00:00,69.6,44.8,494.0,1.4,16.5,86.0,8.6,,133,7,13,6,5,24,-5.0
27.3,55,1006.7,2026-06-13 08:00:00,76.4,41.8,472.0,1.7,11.8,108.0,9.1,,129,8,13,6,5,24,-4.0
29.3,49,1007.0,2026-06-13 09:00:00,76.1,39.5,429.0,1.4,8.0,130.0,8.9,,125,9,13,6,5,24,-4.0
29.5,47,1007.9,2026-06-13 10:00:00,76.1,38.5,373.0,0.8,4.6,152.0,8.3,,124,10,13,6,5,24,-1.0
31.6,39,1007.1,2026-06-13 11:00:00,78.2,38.8,334.0,0.3,2.2,167.0,7.6,,123,11,13,6,5,24,-1.0
33.0,36,1006.5,2026-06-13 12:00:00,74.5,37.0,328.0,0.1,1.2,172.0,6.9,,122,12,13,6,5,24,-1.0
33.6,34,1005.8,2026-06-13 13:00:00,70.3,34.9,339.0,0.1,1.2,170.0,6.0,,122,13,13,6,5,24,0.0
34.3,34,1004.7,2026-06-13 14:00:00,67.1,33.2,346.0,0.1,1.4,167.0,5.3,,121,14,13,6,5,24,-1.0
34.0,33,1004.6,2026-06-13 15:00:00,65.0,31.9,342.0,0.1,0.8,167.0,4.7,,119,15,13,6,5,24,-2.0
32.1,40,1004.3,2026-06-13 16:00:00,63.3,31.1,333.0,0.1,0.4,166.0,4.2,,129,16,13,6,5,24,10.0
34.0,32,1003.7,2026-06-13 17:00:00,60.1,26.8,326.0,0.1,2.1,152.0,4.1,,141,17,13,6,5,24,12.0
31.7,39,1003.9,2026-06-13 18:00:00,59.3,28.7,318.0,0.1,4.9,145.0,4.2,,146,18,13,6,5,24,5.0
30.3,43,1004.2,2026-06-13 19:00:00,56.2,28.9,311.0,0.0,8.7,135.0,4.3,,144,19,13,6,5,24,-2.0
28.6,51,1004.5,2026-06-13 20:00:00,45.2,23.9,311.0,0.0,11.9,125.0,4.4,,138,20,13,6,5,24,-6.0
28.0,54,1005.3,2026-06-13 21:00:00,35.5,18.2,322.0,0.0,13.4,115.0,4.6,,128,21,13,6,5,24,-10.0
27.7,52,1005.6,2026-06-13 22:00:00,33.9,18.3,339.0,0.0,14.4,104.0,4.8,,116,22,13,6,5,24,-12.0
27.6,52,1005.2,2026-06-13 23:00:00,36.1,21.0,356.0,0.0,16.0,94.0,5.1,,107,23,13,6,5,24,-9.0
27.2,53,1004.9,2026-06-14 00:00:00,39.8,24.0,368.0,0.0,19.2,85.0,5.4,,104,0,14,6,6,24,-3.0
26.6,56,1004.3,2026-06-14 01:00:00,43.5,26.8,380.0,0.0,23.0,77.0,5.7,,102,1,14,6,6,24,-2.0
25.9,60,1004.1,2026-06-14 02:00:00,46.4,29.8,396.0,0.0,26.6,69.0,5.9,,100,2,14,6,6,24,-2.0
25.1,65,1004.1,2026-06-14 03:00:00,48.2,32.2,424.0,0.2,30.6,58.0,5.8,,98,3,14,6,6,24,-2.0
24.4,69,1003.9,2026-06-14 04:00:00,49.5,33.9,456.0,0.4,34.3,47.0,5.6,,96,4,14,6,6,24,-2.0
24.6,71,1004.0,2026-06-14 05:00:00,44.8,32.4,474.0,0.5,31.3,31.0,4.4,,94,5,14,6,6,24,-2.0
25.1,69,1004.4,2026-06-14 06:00:00,43.2,33.4,470.0,0.7,24.6,57.0,5.6,,93,6,14,6,6,24,-1.0
26.7,60,1004.6,2026-06-14 07:00:00,46.1,30.6,451.0,0.9,15.4,92.0,7.2,,92,7,14,6,6,24,-1.0
28.5,53,1004.7,2026-06-14 08:00:00,46.6,25.0,424.0,1.0,8.0,122.0,8.1,,91,8,14,6,6,24,-1.0
30.1,49,1004.6,2026-06-14 09:00:00,55.8,25.6,382.0,0.8,4.4,139.0,7.6,,90,9,14,6,6,24,-1.0
31.5,46,1004.3,2026-06-14 10:00:00,67.8,28.6,332.0,0.5,2.7,150.0,6.4,,88,10,14,6,6,24,-2.0
32.0,43,1004.1,2026-06-14 11:00:00,71.5,29.9,292.0,0.2,1.6,157.0,5.3,,88,11,14,6,6,24,0.0
32.9,41,1003.4,2026-06-14 12:00:00,72.4,31.0,272.0,0.1,1.0,160.0,4.8,,87,12,14,6,6,24,-1.0
33.8,38,1002.5,2026-06-14 13:00:00,64.5,28.2,263.0,0.1,1.0,159.0,4.4,,86,13,14,6,6,24,-1.0
34.4,35,1001.4,2026-06-14 14:00:00,59.8,26.5,259.0,0.1,1.2,157.0,4.1,,87,14,14,6,6,24,1.0
34.8,34,1000.7,2026-06-14 15:00:00,56.6,25.2,253.0,0.1,0.8,156.0,3.8,,108,15,14,6,6,24,21.0
34.7,35,1000.1,2026-06-14 16:00:00,54.5,24.2,252.0,0.1,0.5,155.0,3.5,,122,16,14,6,6,24,14.0
35.5,28,998.8,2026-06-14 17:00:00,43.2,19.3,271.0,0.1,1.9,146.0,3.3,,129,17,14,6,6,24,7.0
34.0,41,999.0,2026-06-14 18:00:00,43.3,20.3,327.0,0.1,5.9,132.0,3.6,,130,18,14,6,6,24,1.0
31.5,53,999.2,2026-06-14 19:00:00,46.2,24.3,402.0,0.0,11.6,113.0,4.1,,126,19,14,6,6,24,-4.0
29.3,56,999.5,2026-06-14 20:00:00,49.4,28.8,457.0,0.0,17.0,96.0,4.6,,117,20,14,6,6,24,-9.0
28.5,53,1000.3,2026-06-14 21:00:00,51.8,31.9,473.0,0.0,21.5,84.0,5.1,,103,21,14,6,6,24,-14.0
28.3,52,1000.8,2026-06-14 22:00:00,56.0,36.0,469.0,0.0,25.6,73.0,5.7,,88,22,14,6,6,24,-15.0
29.0,48,1000.1,2026-06-14 23:00:00,60.5,40.2,468.0,0.0,29.4,63.0,6.0,,86,23,14,6,6,24,-2.0
28.7,48,999.9,2026-06-15 00:00:00,65.0,43.9,482.0,0.0,33.0,53.0,6.0,,87,0,15,6,0,25,1.0
28.4,48,999.6,2026-06-15 01:00:00,67.8,46.1,500.0,0.0,36.2,43.0,5.7,,89,1,15,6,0,25,2.0
27.7,51,999.8,2026-06-15 02:00:00,69.8,47.1,509.0,0.0,38.6,35.0,5.5,,90,2,15,6,0,25,1.0
27.2,54,999.9,2026-06-15 03:00:00,70.1,46.6,497.0,0.0,40.4,29.0,5.4,,92,3,15,6,0,25,2.0
27.0,54,1000.2,2026-06-15 04:00:00,70.3,46.4,477.0,0.1,41.3,25.0,5.4,,93,4,15,6,0,25,1.0
27.0,58,1000.6,2026-06-15 05:00:00,66.1,43.8,474.0,0.6,38.9,29.0,5.1,,94,5,15,6,0,25,1.0
27.6,64,1001.4,2026-06-15 06:00:00,65.0,43.7,520.0,1.6,33.7,45.0,5.8,,95,6,15,6,0,25,1.0
29.2,54,1002.1,2026-06-15 07:00:00,59.8,41.1,582.0,2.9,26.3,67.0,6.8,,95,7,15,6,0,25,0.0
31.0,48,1002.5,2026-06-15 08:00:00,58.8,35.7,595.0,3.5,19.2,90.0,7.3,,96,8,15,6,0,25,1.0
32.5,43,1002.9,2026-06-15 09:00:00,62.2,32.9,506.0,2.7,12.7,115.0,6.9,,97,9,15,6,0,25,1.0
34.1,39,1002.7,2026-06-15 10:00:00,69.2,32.8,367.0,1.3,6.5,140.0,6.1,,98,10,15,6,0,25,1.0
35.1,34,1002.3,2026-06-15 11:00:00,73.1,32.9,263.0,0.2,2.1,157.0,5.3,,98,11,15,6,0,25,0.0
35.5,33,1002.0,2026-06-15 12:00:00,71.2,31.7,233.0,0.0,0.5,160.0,4.8,,98,12,15,6,0,25,0.0
36.3,31,1001.6,2026-06-15 13:00:00,68.9,30.5,237.0,0.0,0.8,156.0,4.3,,98,13,15,6,0,25,0.0
37.1,29,1000.9,2026-06-15 14:00:00,66.6,29.5,244.0,0.1,1.2,151.0,4.0,,98,14,15,6,0,25,0.0
36.5,28,1000.7,2026-06-15 15:00:00,63.1,28.1,235.0,0.1,0.7,151.0,3.7,,99,15,15,6,0,25,1.0
36.1,29,1000.6,2026-06-15 16:00:00,60.1,27.0,229.0,0.1,0.3,151.0,3.6,,105,16,15,6,0,25,6.0
36.7,31,998.4,2026-06-15 17:00:00,98.5,45.1,250.0,0.1,2.3,145.0,3.6,,118,17,15,6,0,25,13.0
34.8,39,998.7,2026-06-15 18:00:00,93.1,45.5,324.0,0.1,3.2,140.0,3.7,,124,18,15,6,0,25,6.0
32.3,48,999.3,2026-06-15 19:00:00,77.5,41.9,424.0,0.0,4.6,133.0,3.9,,124,19,15,6,0,25,0.0
31.9,40,1000.4,2026-06-15 20:00:00,65.4,37.4,496.0,0.0,6.3,125.0,4.2,,119,20,15,6,0,25,-5.0
30.6,45,1001.7,2026-06-15 21:00:00,58.3,37.7,513.0,0.0,8.4,117.0,4.7,,112,21,15,6,0,25,-7.0
30.0,48,1002.6,2026-06-15 22:00:00,55.9,38.9,503.0,0.0,10.8,107.0,5.4,,107,22,15,6,0,25,-5.0
30.3,49,1002.0,2026-06-15 23:00:00,54.6,39.0,489.0,0.0,12.7,98.0,5.7,,108,23,15,6,0,25,1.0
24.9,75,1003.3,2026-06-16 00:00:00,54.4,38.1,477.0,0.0,13.7,88.0,5.5,,108,0,16,6,1,25,0.0
24.0,86,1003.8,2026-06-16 01:00:00,54.5,37.5,462.0,0.0,14.3,79.0,5.0,,107,1,16,6,1,25,-1.0
24.5,81,1003.7,2026-06-16 02:00:00,53.6,37.4,454.0,0.0,15.4,69.0,4.6,,106,2,16,6,1,25,-1.0
24.4,79,1004.0,2026-06-16 03:00:00,53.3,37.7,459.0,0.0,18.3,57.0,4.5,,105,3,16,6,1,25,-1.0
24.3,79,1004.2,2026-06-16 04:00:00,54.7,38.5,470.0,0.0,21.8,45.0,4.5,,104,4,16,6,1,25,-1.0
24.8,70,1003.4,2026-06-16 05:00:00,56.2,39.1,481.0,0.2,21.6,46.0,4.7,,103,5,16,6,1,25,-1.0
25.4,69,1003.9,2026-06-16 06:00:00,57.5,40.7,497.0,0.6,18.7,62.0,5.5,,103,6,16,6,1,25,0.0
27.5,61,1004.4,2026-06-16 07:00:00,56.2,38.6,513.0,1.1,14.6,84.0,6.7,,103,7,16,6,1,25,0.0
29.0,56,1004.8,2026-06-16 08:00:00,60.5,37.0,503.0,1.4,10.7,107.0,7.6,,102,8,16,6,1,25,-1.0
30.8,51,1005.0,2026-06-16 09:00:00,65.2,38.8,441.0,1.1,7.4,132.0,8.0,,102,9,16,6,1,25,0.0
32.5,46,1005.1,2026-06-16 10:00:00,68.5,40.4,353.0,0.6,4.4,157.0,8.1,,103,10,16,6,1,25,1.0
34.0,40,1004.8,2026-06-16 11:00:00,71.0,41.2,288.0,0.2,2.2,174.0,7.9,,104,11,16,6,1,25,1.0
35.1,37,1004.4,2026-06-16 12:00:00,74.0,41.4,269.0,0.1,1.3,176.0,7.4,,105,12,16,6,1,25,1.0
35.7,36,1004.0,2026-06-16 13:00:00,75.4,41.1,272.0,0.1,1.2,170.0,6.7,,106,13,16,6,1,25,1.0
35.2,36,1003.2,2026-06-16 14:00:00,74.7,40.4,277.0,0.1,1.4,163.0,6.1,,107,14,16,6,1,25,1.0
35.3,36,1003.0,2026-06-16 15:00:00,73.1,39.3,271.0,0.1,1.4,160.0,5.7,,114,15,16,6,1,25,7.0
35.1,36,1002.2,2026-06-16 16:00:00,72.6,38.8,266.0,0.1,1.6,156.0,5.4,,130,16,16,6,1,25,16.0
35.4,35,1001.3,2026-06-16 17:00:00,67.1,35.5,276.0,0.2,2.4,153.0,4.9,,140,17,16,6,1,25,10.0
33.8,41,1001.6,2026-06-16 18:00:00,65.0,36.8,313.0,0.1,5.7,140.0,5.1,,145,18,16,6,1,25,5.0
32.0,44,1002.3,2026-06-16 19:00:00,61.7,39.3,366.0,0.1,10.1,122.0,5.4,,141,19,16,6,1,25,-4.0
31.2,45,1002.8,2026-06-16 20:00:00,57.6,39.6,412.0,0.0,13.0,110.0,5.7,,130,20,16,6,1,25,-11.0
30.6,48,1003.7,2026-06-16 21:00:00,47.5,36.0,449.0,0.0,12.5,113.0,6.2,,116,21,16,6,1,25,-14.0
29.8,51,1004.4,2026-06-16 22:00:00,38.9,32.2,479.0,0.0,10.5,122.0,6.7,,108,22,16,6,1,25,-8.0
29.5,53,1004.0,2026-06-16 23:00:00,36.9,31.4,492.0,0.0,9.8,125.0,7.1,,108,23,16,6,1,25,0.0
28.8,56,1003.8,2026-06-17 00:00:00,38.2,32.6,473.0,0.0,12.0,113.0,7.1,,107,0,17,6,2,25,-1.0
28.1,59,1004.1,2026-06-17 01:00:00,43.8,36.0,436.0,0.0,15.4,95.0,6.9,,106,1,17,6,2,25,-1.0
27.5,62,1004.1,2026-06-17 02:00:00,44.2,36.9,413.0,0.0,18.4,79.0,6.7,,106,2,17,6,2,25,0.0
26.9,66,1004.2,2026-06-17 03:00:00,45.3,38.1,423.0,0.0,20.9,65.0,6.4,,106,3,17,6,2,25,0.0
26.4,68,1004.3,2026-06-17 04:00:00,48.4,40.5,446.0,0.0,22.9,53.0,6.0,,106,4,17,6,2,25,0.0
26.3,74,1004.1,2026-06-17 05:00:00,50.8,41.9,461.0,0.2,23.0,48.0,6.7,,106,5,17,6,2,25,0.0
27.0,73,1004.7,2026-06-17 06:00:00,57.6,46.1,459.0,0.4,18.9,70.0,7.7,,107,6,17,6,2,25,1.0
29.4,64,1005.3,2026-06-17 07:00:00,62.9,45.5,448.0,0.7,13.3,101.0,9.0,,107,7,17,6,2,25,0.0
31.0,54,1005.9,2026-06-17 08:00:00,62.6,41.6,427.0,0.9,8.5,126.0,9.7,,108,8,17,6,2,25,1.0
26.8,71,1007.3,2026-06-17 09:00:00,63.1,40.7,390.0,0.7,5.6,142.0,9.1,,108,9,17,6,2,25,0.0
28.9,63,1006.9,2026-06-17 10:00:00,64.7,40.9,344.0,0.4,3.5,152.0,8.0,,108,10,17,6,2,25,0.0
32.7,47,1006.1,2026-06-17 11:00:00,72.6,41.2,308.0,0.2,2.1,158.0,6.9,,109,11,17,6,2,25,1.0
33.9,43,1005.5,2026-06-17 12:00:00,75.7,41.1,290.0,0.2,1.4,158.0,6.3,,109,12,17,6,2,25,0.0
34.8,39,1004.5,2026-06-17 13:00:00,75.7,39.9,282.0,0.2,1.2,154.0,5.8,,108,13,17,6,2,25,-1.0
35.2,38,1003.6,2026-06-17 14:00:00,76.6,39.9,279.0,0.2,1.4,149.0,5.4,,108,14,17,6,2,25,0.0
35.5,37,1002.9,2026-06-17 15:00:00,80.8,42.1,272.0,0.2,0.9,148.0,5.2,,109,15,17,6,2,25,1.0
35.3,37,1002.2,2026-06-17 16:00:00,78.7,41.0,270.0,0.1,0.8,146.0,5.1,,119,16,17,6,2,25,10.0
35.1,37,1001.7,2026-06-17 17:00:00,54.7,29.5,299.0,0.2,2.7,145.0,5.0,,123,17,17,6,2,25,4.0
33.3,44,1001.9,2026-06-17 18:00:00,51.0,30.0,391.0,0.1,7.6,133.0,5.4,,124,18,17,6,2,25,1.0
31.1,52,1002.4,2026-06-17 19:00:00,48.5,34.2,514.0,0.1,14.3,116.0,6.0,,120,19,17,6,2,25,-4.0
29.8,53,1002.7,2026-06-17 20:00:00,49.0,36.0,594.0,0.0,18.8,102.0,6.4,,111,20,17,6,2,25,-9.0
29.4,55,1003.2,2026-06-17 21:00:00,46.8,34.1,586.0,0.0,18.5,96.0,6.3,,107,21,17,6,2,25,-4.0
28.5,63,1003.8,2026-06-17 22:00:00,43.2,32.0,534.0,0.0,16.1,92.0,6.0,,106,22,17,6,2,25,-1.0
26.8,66,1005.3,2026-06-17 23:00:00,43.0,32.9,500.0,0.0,15.4,86.0,5.8,,106,23,17,6,2,25,0.0
26.3,69,1004.8,2026-06-18 00:00:00,44.6,35.6,513.0,0.0,18.5,73.0,5.7,,107,0,18,6,3,25,1.0
25.8,71,1004.6,2026-06-18 01:00:00,44.8,36.8,542.0,0.0,23.4,56.0,5.6,,107,1,18,6,3,25,0.0
25.9,72,1004.4,2026-06-18 02:00:00,47.4,38.9,560.0,0.0,27.6,42.0,5.6,,107,2,18,6,3,25,0.0
25.4,74,1004.4,2026-06-18 03:00:00,51.3,42.6,555.0,0.4,31.0,30.0,5.5,,107,3,18,6,3,25,0.0
25.0,75,1004.3,2026-06-18 04:00:00,53.4,45.1,538.0,1.0,33.8,20.0,5.4,,108,4,18,6,3,25,1.0
25.3,78,1004.4,2026-06-18 05:00:00,57.5,46.4,514.0,0.7,31.0,37.0,6.9,,108,5,18,6,3,25,0.0
25.8,75,1004.7,2026-06-18 06:00:00,59.4,49.7,479.0,1.0,25.4,58.0,7.8,,109,6,18,6,3,25,1.0
27.3,64,1005.6,2026-06-18 07:00:00,60.5,47.1,438.0,1.4,17.6,87.0,9.1,,109,7,18,6,3,25,0.0
29.0,57,1005.1,2026-06-18 08:00:00,54.9,38.6,405.0,1.5,11.0,113.0,9.6,,109,8,18,6,3,25,0.0
29.7,56,1005.7,2026-06-18 09:00:00,54.1,36.4,392.0,1.2,6.9,135.0,8.7,,109,9,18,6,3,25,0.0
30.6,54,1005.5,2026-06-18 10:00:00,54.2,35.2,388.0,0.7,4.1,154.0,7.1,,108,10,18,6,3,25,-1.0
32.2,44,1005.4,2026-06-18 11:00:00,54.9,33.9,378.0,0.3,2.2,166.0,5.9,,108,11,18,6,3,25,0.0
33.6,39,1004.9,2026-06-18 12:00:00,55.3,32.7,351.0,0.2,1.2,168.0,5.5,,107,12,18,6,3,25,-1.0
34.3,37,1004.0,2026-06-18 13:00:00,57.9,32.7,318.0,0.2,1.2,163.0,5.4,,106,13,18,6,3,25,-1.0
34.7,36,1003.1,2026-06-18 14:00:00,54.4,31.3,296.0,0.2,1.5,158.0,5.4,,105,14,18,6,3,25,-1.0
34.6,36,1002.6,2026-06-18 15:00:00,54.4,31.1,280.0,0.2,1.7,157.0,5.2,,110,15,18,6,3,25,5.0
34.7,36,1002.1,2026-06-18 16:00:00,59.4,32.2,273.0,0.1,2.3,155.0,5.1,,125,16,18,6,3,25,15.0
35.3,33,1001.0,2026-06-18 17:00:00,21.7,13.9,308.0,0.2,4.6,139.0,4.6,,134,17,18,6,3,25,9.0
33.5,43,1000.8,2026-06-18 18:00:00,21.3,15.3,425.0,0.1,10.5,125.0,5.2,,135,18,18,6,3,25,1.0
31.5,49,1001.2,2026-06-18 19:00:00,23.9,18.5,582.0,0.1,18.7,105.0,6.0,,128,19,18,6,3,25,-7.0
30.5,54,1001.4,2026-06-18 20:00:00,29.7,24.8,685.0,0.0,25.6,87.0,6.6,,115,20,18,6,3,25,-13.0
29.5,55,1002.2,2026-06-18 21:00:00,33.3,28.4,676.0,0.0,29.8,72.0,7.0,,98,21,18,6,3,25,-17.0
28.7,55,1002.8,2026-06-18 22:00:00,37.4,31.7,614.0,0.0,32.7,59.0,7.3,,97,22,18,6,3,25,-1.0
29.0,50,1001.7,2026-06-18 23:00:00,40.3,34.1,579.0,0.0,34.9,47.0,7.2,,97,23,18,6,3,25,0.0
27.8,58,1001.6,2026-06-19 00:00:00,42.8,35.7,610.0,0.0,36.2,36.0,6.6,,97,0,19,6,4,25,0.0
27.2,63,1001.9,2026-06-19 01:00:00,44.7,37.3,668.0,0.0,36.7,26.0,5.7,,97,1,19,6,4,25,0.0
27.0,64,1002.0,2026-06-19 02:00:00,45.5,38.0,716.0,0.1,37.5,18.0,5.0,,97,2,19,6,4,25,0.0
26.8,66,1002.0,2026-06-19 03:00:00,47.0,39.2,749.0,1.0,40.1,9.0,4.6,,97,3,19,6,4,25,0.0
26.1,67,1002.7,2026-06-19 04:00:00,50.3,41.9,772.0,2.3,42.9,2.0,4.3,,97,4,19,6,4,25,0.0
26.0,69,1002.5,2026-06-19 05:00:00,28.3,23.9,764.0,0.1,14.0,53.0,3.4,,96,5,19,6,4,25,-1.0
26.8,65,1003.0,2026-06-19 06:00:00,31.3,26.8,708.0,0.5,12.9,63.0,4.3,,95,6,19,6,4,25,-1.0
28.5,62,1003.4,2026-06-19 07:00:00,33.8,26.3,620.0,1.0,11.2,77.0,5.4,,93,7,19,6,4,25,-2.0
30.1,52,1004.5,2026-06-19 08:00:00,37.1,25.5,534.0,1.3,9.3,93.0,6.2,,91,8,19,6,4,25,-2.0
31.1,48,1004.9,2026-06-19 09:00:00,40.2,25.7,452.0,1.1,6.9,115.0,6.2,,90,9,19,6,4,25,-1.0
30.8,54,1005.2,2026-06-19 10:00:00,41.9,26.2,371.0,0.6,4.3,139.0,5.8,,89,10,19,6,4,25,-1.0
32.2,48,1004.5,2026-06-19 11:00:00,42.0,26.3,314.0,0.3,2.4,155.0,5.3,,89,11,19,6,4,25,0.0
33.3,41,1004.2,2026-06-19 12:00:00,40.7,24.7,298.0,0.2,1.5,158.0,4.6,,88,12,19,6,4,25,-1.0
33.1,40,1004.6,2026-06-19 13:00:00,40.5,23.6,306.0,0.2,1.3,153.0,3.9,,87,13,19,6,4,25,-1.0
32.7,43,1004.0,2026-06-19 14:00:00,41.0,23.3,316.0,0.2,1.4,148.0,3.3,,87,14,19,6,4,25,0.0
33.4,39,1004.1,2026-06-19 15:00:00,41.6,23.3,306.0,0.2,1.1,149.0,3.0,,87,15,19,6,4,25,0.0
33.3,39,1003.5,2026-06-19 16:00:00,41.0,23.2,297.0,0.1,1.1,150.0,3.0,,103,16,19,6,4,25,16.0
33.2,39,1003.1,2026-06-19 17:00:00,28.3,19.2,328.0,0.1,3.9,138.0,3.8,,115,17,19,6,4,25,12.0
32.3,43,1003.5,2026-06-19 18:00:00,28.8,22.6,445.0,0.1,7.7,123.0,4.3,,120,18,19,6,4,25,5.0
30.7,50,1003.5,2026-06-19 19:00:00,30.6,26.3,602.0,0.0,13.1,102.0,4.9,,116,19,19,6,4,25,-4.0
29.4,52,1003.9,2026-06-19 20:00:00,32.8,28.8,693.0,0.0,18.5,82.0,5.4,,105,20,19,6,4,25,-11.0
28.8,53,1004.3,2026-06-19 21:00:00,35.5,31.9,658.0,0.0,23.6,65.0,5.6,,89,21,19,6,4,25,-16.0
28.3,55,1004.7,2026-06-19 22:00:00,38.6,35.4,558.0,0.0,28.8,48.0,5.7,,87,22,19,6,4,25,-2.0
26.9,59,1005.6,2026-06-19 23:00:00,39.5,36.4,467.0,0.0,33.1,35.0,5.7,,87,23,19,6,4,25,0.0
25.9,64,1005.3,2026-06-20 00:00:00,40.7,38.0,406.0,0.0,36.4,26.0,5.5,,87,0,20,6,5,25,0.0
25.6,67,1004.9,2026-06-20 01:00:00,43.1,40.3,354.0,0.0,39.0,20.0,5.3,,88,1,20,6,5,25,1.0
25.6,67,1004.6,2026-06-20 02:00:00,45.3,42.6,322.0,0.0,40.6,15.0,5.0,,88,2,20,6,5,25,0.0
25.2,69,1004.3,2026-06-20 03:00:00,47.4,44.6,313.0,0.6,41.7,7.0,4.6,,88,3,20,6,5,25,0.0
24.4,71,1004.4,2026-06-20 04:00:00,48.1,45.4,324.0,1.5,41.9,1.0,4.2,,89,4,20,6,5,25,1.0
25.1,64,1004.5,2026-06-20 05:00:00,50.6,47.6,355.0,3.1,43.1,5.0,5.3,,89,5,20,6,5,25,0.0
25.6,64,1004.7,2026-06-20 06:00:00,53.0,49.6,428.0,2.8,35.0,34.0,6.6,,91,6,20,6,5,25,2.0
27.8,58,1005.1,2026-06-20 07:00:00,52.0,46.9,520.0,2.5,23.7,76.0,8.4,,93,7,20,6,5,25,2.0
29.4,50,1005.5,2026-06-20 08:00:00,43.4,35.0,568.0,2.0,14.2,111.0,9.2,,94,8,20,6,5,25,1.0
30.6,47,1005.5,2026-06-20 09:00:00,38.6,28.8,530.0,1.4,8.5,135.0,8.1,,95,9,20,6,5,25,1.0
32.0,43,1005.2,2026-06-20 10:00:00,38.1,27.0,447.0,0.7,4.7,153.0,6.1,,95,10,20,6,5,25,0.0
32.8,38,1005.3,2026-06-20 11:00:00,36.9,24.7,374.0,0.2,2.1,164.0,4.5,,95,11,20,6,5,25,0.0
33.9,36,1004.7,2026-06-20 12:00:00,33.5,22.3,325.0,0.1,1.0,166.0,3.8,,95,12,20,6,5,25,0.0
34.9,33,1003.9,2026-06-20 13:00:00,32.2,20.7,286.0,0.1,1.1,162.0,3.4,,95,13,20,6,5,25,0.0
35.2,32,1003.4,2026-06-20 14:00:00,30.5,18.8,265.0,0.2,1.4,158.0,3.1,,95,14,20,6,5,25,0.0
35.2,32,1002.7,2026-06-20 15:00:00,29.3,17.3,264.0,0.2,0.8,158.0,2.8,,106,15,20,6,5,25,11.0
35.1,32,1002.3,2026-06-20 16:00:00,28.1,16.2,281.0,0.2,0.4,159.0,2.6,,123,16,20,6,5,25,17.0
35.5,31,1001.6,2026-06-20 17:00:00,11.0,6.4,326.0,0.2,2.3,149.0,2.5,,133,17,20,6,5,25,10.0
33.1,48,1001.6,2026-06-20 18:00:00,11.9,6.9,419.0,0.1,9.6,133.0,3.1,,136,18,20,6,5,25,3.0
30.9,51,1001.9,2026-06-20 19:00:00,17.6,13.0,538.0,0.0,20.2,111.0,3.9,,132,19,20,6,5,25,-4.0
29.9,51,1002.1,2026-06-20 20:00:00,27.3,22.3,629.0,0.0,31.3,89.0,4.8,,121,20,20,6,5,25,-11.0
29.1,52,1002.7,2026-06-20 21:00:00,38.5,33.1,660.0,0.0,43.7,67.0,5.9,,105,21,20,6,5,25,-16.0
28.5,52,1003.0,2026-06-20 22:00:00,48.4,43.0,663.0,0.0,56.7,46.0,7.2,,90,22,20,6,5,25,-15.0
29.1,56,1002.9,2026-06-20 23:00:00,54.1,48.7,672.0,0.2,65.5,29.0,7.9,,90,23,20,6,5,25,0.0
28.4,52,1002.6,2026-06-21 00:00:00,54.8,49.6,711.0,1.1,67.2,20.0,7.7,,91,0,21,6,6,25,1.0
27.2,58,1002.5,2026-06-21 01:00:00,54.2,49.4,757.0,2.3,64.7,15.0,7.0,,92,1,21,6,6,25,1.0
25.6,58,1003.0,2026-06-21 02:00:00,53.6,49.1,774.0,3.2,61.8,12.0,6.4,,93,2,21,6,6,25,1.0
24.7,65,1003.5,2026-06-21 03:00:00,51.0,46.7,737.0,3.3,60.2,7.0,6.1,,93,3,21,6,6,25,0.0
22.7,83,1003.8,2026-06-21 04:00:00,48.9,44.6,670.0,3.1,58.1,3.0,5.9,,93,4,21,6,6,25,0.0
22.5,87,1003.3,2026-06-21 05:00:00,50.8,45.6,614.0,2.2,54.9,12.0,5.9,,93,5,21,6,6,25,0.0
24.2,74,1003.2,2026-06-21 06:00:00,50.3,45.4,587.0,2.5,44.9,36.0,6.1,,93,6,21,6,6,25,0.0
26.2,67,1003.7,2026-06-21 07:00:00,45.3,40.5,570.0,2.9,30.8,69.0,6.4,,93,7,21,6,6,25,0.0
27.8,60,1004.2,2026-06-21 08:00:00,35.5,28.6,545.0,2.9,18.9,100.0,6.3,,92,8,21,6,6,25,-1.0
29.8,53,1003.9,2026-06-21 09:00:00,28.6,20.1,502.0,2.2,11.2,127.0,5.5,,92,9,21,6,6,25,0.0
31.7,45,1003.3,2026-06-21 10:00:00,25.3,17.2,450.0,1.0,5.7,151.0,4.4,,91,10,21,6,6,25,-1.0
33.4,38,1002.8,2026-06-21 11:00:00,21.5,14.6,400.0,0.2,1.9,167.0,3.5,,90,11,21,6,6,25,-1.0
34.7,35,1001.9,2026-06-21 12:00:00,20.2,13.0,352.0,0.0,0.4,169.0,3.1,,90,12,21,6,6,25,0.0
35.3,31,1001.5,2026-06-21 13:00:00,20.2,12.2,306.0,0.0,0.7,163.0,2.9,,89,13,21,6,6,25,-1.0
35.3,30,1000.8,2026-06-21 14:00:00,20.4,11.9,272.0,0.1,1.2,157.0,2.7,,88,14,21,6,6,25,-1.0
35.9,29,1000.2,2026-06-21 15:00:00,20.3,11.5,258.0,0.1,0.8,157.0,2.5,,101,15,21,6,6,25,13.0
35.5,29,999.9,2026-06-21 16:00:00,20.2,11.2,257.0,0.1,0.5,157.0,2.3,,120,16,21,6,6,25,19.0
35.3,31,998.9,2026-06-21 17:00:00,13.8,7.3,259.0,0.1,1.8,147.0,2.0,,132,17,21,6,6,25,12.0
33.3,39,999.6,2026-06-21 18:00:00,14.2,7.9,258.0,0.1,6.1,133.0,2.5,,136,18,21,6,6,25,4.0
31.4,42,1000.0,2026-06-21 19:00:00,17.1,12.1,261.0,0.0,11.9,114.0,3.1,,132,19,21,6,6,25,-4.0
30.0,46,1000.5,2026-06-21 20:00:00,21.7,16.6,277.0,0.0,16.1,98.0,3.6,,121,20,21,6,6,25,-11.0
28.5,52,1001.2,2026-06-21 21:00:00,26.2,21.5,316.0,0.0,16.7,89.0,3.9,,106,21,21,6,6,25,-15.0
28.3,53,1001.7,2026-06-21 22:00:00,30.7,24.5,368.0,0.0,15.6,84.0,4.0,,90,22,21,6,6,25,-16.0
27.8,56,1001.1,2026-06-21 23:00:00,32.2,24.6,410.0,0.0,15.2,78.0,4.1,,84,23,21,6,6,25,-6.0
26.6,62,1001.2,2026-06-22 00:00:00,32.9,24.9,434.0,0.0,16.2,69.0,4.0,,82,0,22,6,0,26,-2.0
26.1,66,1001.4,2026-06-22 01:00:00,33.6,25.3,448.0,0.0,17.8,60.0,3.9,,80,1,22,6,0,26,-2.0
25.8,67,1001.4,2026-06-22 02:00:00,34.3,26.0,450.0,0.0,20.2,51.0,3.8,,78,2,22,6,0,26,-2.0
25.9,66,1001.7,2026-06-22 03:00:00,36.2,27.4,436.0,0.1,24.8,41.0,3.8,,77,3,22,6,0,26,-1.0
22.1,90,1004.7,2026-06-22 04:00:00,39.7,30.5,409.0,0.2,30.2,31.0,3.8,,75,4,22,6,0,26,-2.0
22.5,86,1004.0,2026-06-22 05:00:00,26.0,21.2,385.0,0.1,15.7,57.0,3.5,,74,5,22,6,0,26,-1.0
22.4,88,1003.8,2026-06-22 06:00:00,25.2,20.4,368.0,0.4,13.5,70.0,4.0,,72,6,22,6,0,26,-2.0
23.8,83,1004.6,2026-06-22 07:00:00,25.8,19.8,352.0,0.9,10.5,88.0,4.6,,70,7,22,6,0,26,-2.0
27.1,64,1005.0,2026-06-22 08:00:00,26.7,18.7,335.0,1.1,7.7,105.0,4.9,,68,8,22,6,0,26,-2.0
29.2,55,1004.9,2026-06-22 09:00:00,28.5,18.8,317.0,0.9,5.4,121.0,4.6,,68,9,22,6,0,26,0.0
30.7,49,1004.6,2026-06-22 10:00:00,30.3,19.3,297.0,0.5,3.3,136.0,3.9,,68,10,22,6,0,26,0.0
31.8,43,1004.3,2026-06-22 11:00:00,32.2,19.7,277.0,0.2,1.8,146.0,3.4,,68,11,22,6,0,26,0.0
33.4,38,1003.8,2026-06-22 12:00:00,33.9,19.8,251.0,0.1,1.2,148.0,3.1,,68,12,22,6,0,26,0.0
33.3,39,1003.5,2026-06-22 13:00:00,35.7,20.3,225.0,0.2,1.1,144.0,2.9,,69,13,22,6,0,26,1.0
32.7,39,1002.9,2026-06-22 14:00:00,34.9,20.0,211.0,0.2,1.2,141.0,2.8,,70,14,22,6,0,26,1.0
33.4,37,1002.5,2026-06-22 15:00:00,34.3,19.8,212.0,0.2,0.6,142.0,2.7,,85,15,22,6,0,26,15.0
31.4,49,1002.3,2026-06-22 16:00:00,32.5,19.3,226.0,0.2,0.2,145.0,2.6,,97,16,22,6,0,26,12.0
32.7,39,1001.3,2026-06-22 17:00:00,17.7,11.8,259.0,0.2,2.1,138.0,2.5,,105,17,22,6,0,26,8.0
31.1,46,1001.7,2026-06-22 18:00:00,18.9,13.9,327.0,0.1,7.6,126.0,3.1,,109,18,22,6,0,26,4.0
29.4,49,1001.7,2026-06-22 19:00:00,23.1,18.3,414.0,0.1,15.3,109.0,4.0,,107,19,22,6,0,26,-2.0
28.4,50,1002.1,2026-06-22 20:00:00,29.1,24.3,482.0,0.0,22.6,93.0,4.8,,99,20,22,6,0,26,-8.0
27.9,52,1002.6,2026-06-22 21:00:00,34.2,29.3,511.0,0.0,29.1,78.0,5.6,,87,21,22,6,0,26,-12.0
26.9,58,1002.9,2026-06-22 22:00:00,39.1,34.0,520.0,0.0,35.2,63.0,6.4,,74,22,22,6,0,26,-13.0
27.1,59,1002.1,2026-06-22 23:00:00,44.1,38.5,529.0,0.0,38.9,52.0,6.8,,74,23,22,6,0,26,0.0
26.7,60,1002.1,2026-06-23 00:00:00,44.7,39.1,546.0,0.5,38.6,46.0,6.5,,76,0,23,6,1,26,2.0
26.5,61,1001.8,2026-06-23 01:00:00,42.4,37.0,563.0,1.1,35.9,42.0,5.8,,77,1,23,6,1,26,1.0
26.6,61,1001.5,2026-06-23 02:00:00,41.3,36.3,571.0,1.9,33.7,39.0,5.1,,78,2,23,6,1,26,1.0
26.7,62,1001.7,2026-06-23 03:00:00,41.6,36.4,561.0,3.0,33.6,32.0,4.5,,78,3,23,6,1,26,0.0
25.5,67,1001.9,2026-06-23 04:00:00,43.3,38.1,541.0,4.2,34.0,24.0,4.0,,79,4,23,6,1,26,1.0
25.4,69,1002.0,2026-06-23 05:00:00,45.5,41.7,529.0,4.5,39.7,23.0,5.9,,80,5,23,6,1,26,1.0
25.8,69,1002.2,2026-06-23 06:00:00,47.3,43.5,542.0,4.0,33.3,42.0,7.3,,81,6,23,6,1,26,1.0
27.5,62,1002.5,2026-06-23 07:00:00,43.5,39.5,563.0,3.3,24.4,70.0,9.1,,83,7,23,6,1,26,2.0
29.4,55,1002.7,2026-06-23 08:00:00,34.7,29.4,556.0,2.6,16.4,97.0,9.9,,85,8,23,6,1,26,2.0
30.9,50,1002.5,2026-06-23 09:00:00,31.2,25.4,492.0,1.8,10.5,121.0,8.9,,86,9,23,6,1,26,1.0
32.2,44,1002.1,2026-06-23 10:00:00,31.1,23.5,399.0,0.9,5.6,145.0,6.9,,86,10,23,6,1,26,0.0
33.1,40,1001.8,2026-06-23 11:00:00,28.9,21.2,326.0,0.3,2.2,163.0,5.3,,86,11,23,6,1,26,0.0
34.3,38,1000.9,2026-06-23 12:00:00,25.8,19.4,293.0,0.1,1.0,172.0,4.6,,87,12,23,6,1,26,1.0
34.9,37,999.8,2026-06-23 13:00:00,23.3,18.2,280.0,0.1,1.2,176.0,4.2,,86,13,23,6,1,26,-1.0
35.5,34,998.6,2026-06-23 14:00:00,21.5,17.1,271.0,0.2,1.7,178.0,3.9,,86,14,23,6,1,26,0.0
35.7,32,997.9,2026-06-23 15:00:00,19.9,16.2,248.0,0.2,1.2,181.0,3.6,,105,15,23,6,1,26,19.0
35.6,31,997.2,2026-06-23 16:00:00,18.7,15.4,229.0,0.2,0.9,182.0,3.4,,129,16,23,6,1,26,24.0
35.4,31,996.2,2026-06-23 17:00:00,9.3,8.7,258.0,0.2,2.7,173.0,3.3,,147,17,23,6,1,26,18.0
33.4,46,996.1,2026-06-23 18:00:00,10.9,10.4,386.0,0.1,8.1,157.0,3.8,,156,18,23,6,1,26,9.0
30.8,57,996.2,2026-06-23 19:00:00,15.5,15.1,562.0,0.1,15.7,134.0,4.5,,158,19,23,6,1,26,2.0
29.8,57,996.7,2026-06-23 20:00:00,20.2,19.8,674.0,0.0,22.7,113.0,5.2,,153,20,23,6,1,26,-5.0
29.8,55,997.2,2026-06-23 21:00:00,22.9,22.5,662.0,0.0,27.9,96.0,5.8,,142,21,23,6,1,26,-11.0
29.2,56,997.7,2026-06-23 22:00:00,27.0,26.4,587.0,0.0,32.5,80.0,6.4,,125,22,23,6,1,26,-17.0
29.6,56,997.4,2026-06-23 23:00:00,32.8,31.8,519.0,0.0,36.6,66.0,6.7,,104,23,23,6,1,26,-21.0
28.7,57,997.6,2026-06-24 00:00:00,36.7,34.9,482.0,0.0,40.4,52.0,6.5,,83,0,24,6,2,26,-21.0
28.2,58,998.0,2026-06-24 01:00:00,38.8,36.3,453.0,0.0,43.7,40.0,6.0,,82,1,24,6,2,26,-1.0
27.9,60,998.1,2026-06-24 02:00:00,40.7,37.5,432.0,0.0,46.5,30.0,5.6,,82,2,24,6,2,26,0.0
27.8,60,998.3,2026-06-24 03:00:00,43.1,38.5,417.0,0.1,49.7,20.0,5.3,,82,3,24,6,2,26,0.0
27.5,61,998.4,2026-06-24 04:00:00,45.6,39.9,410.0,0.4,52.4,13.0,5.1,,83,4,24,6,2,26,1.0
27.6,65,998.7,2026-06-24 05:00:00,49.9,44.5,414.0,2.1,56.8,12.0,5.7,,83,5,24,6,2,26,0.0
28.4,67,999.4,2026-06-24 06:00:00,52.5,46.4,446.0,3.7,49.5,29.0,6.5,,83,6,24,6,2,26,0.0
29.8,60,1000.2,2026-06-24 07:00:00,48.2,41.9,489.0,5.7,39.0,53.0,7.5,,83,7,24,6,2,26,0.0
31.7,55,1000.6,2026-06-24 08:00:00,43.9,34.6,502.0,6.6,28.9,80.0,8.1,,83,8,24,6,2,26,0.0
33.6,48,1000.9,2026-06-24 09:00:00,46.7,31.4,456.0,5.1,19.5,111.0,7.9,,84,9,24,6,2,26,1.0
35.1,43,1000.7,2026-06-24 10:00:00,49.4,30.4,380.0,2.5,10.5,145.0,7.3,,84,10,24,6,2,26,0.0
35.8,38,1000.5,2026-06-24 11:00:00,47.5,28.1,319.0,0.5,4.0,170.0,6.6,,85,11,24,6,2,26,1.0
36.8,36,999.7,2026-06-24 12:00:00,42.0,24.6,290.0,0.0,1.4,179.0,6.0,,85,12,24,6,2,26,0.0
37.5,34,998.8,2026-06-24 13:00:00,37.0,22.1,276.0,0.1,1.4,180.0,5.3,,86,13,24,6,2,26,1.0
37.8,33,997.8,2026-06-24 14:00:00,33.4,20.6,269.0,0.2,1.7,179.0,4.7,,86,14,24,6,2,26,0.0
38.2,32,997.2,2026-06-24 15:00:00,29.7,18.9,265.0,0.2,1.1,182.0,4.3,,100,15,24,6,2,26,14.0
38.1,32,996.4,2026-06-24 16:00:00,27.3,17.8,270.0,0.2,0.9,183.0,4.0,,127,16,24,6,2,26,27.0
38.1,35,995.1,2026-06-24 17:00:00,26.1,17.1,287.0,0.2,2.7,176.0,4.0,,149,17,24,6,2,26,22.0
36.1,47,995.3,2026-06-24 18:00:00,27.8,18.9,329.0,0.1,8.3,155.0,4.3,,160,18,24,6,2,26,11.0
33.5,50,995.5,2026-06-24 19:00:00,30.4,23.1,385.0,0.1,15.9,125.0,4.9,,161,19,24,6,2,26,1.0
32.0,52,996.0,2026-06-24 20:00:00,35.0,27.8,426.0,0.0,22.3,99.0,5.3,,154,20,24,6,2,26,-7.0
31.4,50,997.1,2026-06-24 21:00:00,40.0,32.1,441.0,0.0,26.6,79.0,5.6,,139,21,24,6,2,26,-15.0
31.9,45,998.0,2026-06-24 22:00:00,44.1,35.6,442.0,0.0,29.7,62.0,5.7,,117,22,24,6,2,26,-22.0
31.6,49,998.1,2026-06-24 23:00:00,45.5,36.4,431.0,0.0,31.1,50.0,5.7,,92,23,24,6,2,26,-25.0
30.6,52,998.1,2026-06-25 00:00:00,45.1,35.0,403.0,0.0,29.9,44.0,5.4,,91,0,25,6,3,26,-1.0
30.0,54,998.8,2026-06-25 01:00:00,45.5,34.0,365.0,0.0,27.1,43.0,5.0,,91,1,25,6,3,26,0.0
29.4,59,1000.2,2026-06-25 02:00:00,47.0,33.9,338.0,0.0,25.2,42.0,4.7,,91,2,25,6,3,26,0.0
25.5,81,1001.6,2026-06-25 03:00:00,48.8,34.1,336.0,0.0,26.0,36.0,4.6,,91,3,25,6,3,26,0.0
25.3,78,1001.4,2026-06-25 04:00:00,50.5,34.7,346.0,0.1,27.6,31.0,4.6,,90,4,25,6,3,26,-1.0
24.5,87,1001.4,2026-06-25 05:00:00,51.9,35.5,353.0,0.2,27.2,34.0,4.8,,90,5,25,6,3,26,0.0
25.2,85,1002.3,2026-06-25 06:00:00,47.0,33.6,351.0,0.6,22.7,54.0,5.5,,89,6,25,6,3,26,-1.0
27.8,71,1002.8,2026-06-25 07:00:00,44.0,30.0,346.0,1.1,16.1,83.0,6.5,,88,7,25,6,3,26,-1.0
30.1,58,1003.5,2026-06-25 08:00:00,44.4,28.2,335.0,1.3,10.4,109.0,7.1,,87,8,25,6,3,26,-1.0
31.9,53,1003.9,2026-06-25 09:00:00,51.3,29.1,316.0,1.1,6.6,129.0,7.1,,87,9,25,6,3,26,0.0
33.6,46,1003.7,2026-06-25 10:00:00,61.2,32.4,291.0,0.6,3.8,145.0,6.8,,87,10,25,6,3,26,0.0
34.4,42,1003.7,2026-06-25 11:00:00,69.4,35.7,272.0,0.2,1.8,156.0,6.5,,87,11,25,6,3,26,0.0
34.7,42,1003.4,2026-06-25 12:00:00,76.1,38.5,262.0,0.1,1.0,159.0,6.2,,87,12,25,6,3,26,0.0
35.1,42,1002.9,2026-06-25 13:00:00,78.5,39.5,256.0,0.1,1.0,155.0,5.9,,88,13,25,6,3,26,1.0
35.3,42,1002.1,2026-06-25 14:00:00,76.1,38.5,253.0,0.1,1.3,152.0,5.6,,90,14,25,6,3,26,2.0
35.3,42,1001.5,2026-06-25 15:00:00,71.9,36.7,243.0,0.1,0.7,152.0,5.3,,98,15,25,6,3,26,8.0
35.3,42,1000.9,2026-06-25 16:00:00,68.5,35.2,236.0,0.2,0.4,152.0,5.0,,113,16,25,6,3,26,15.0
34.8,43,1001.1,2026-06-25 17:00:00,48.0,28.1,258.0,0.2,2.1,141.0,4.5,,122,17,25,6,3,26,9.0
34.1,48,1000.9,2026-06-25 18:00:00,46.9,29.2,338.0,0.1,8.6,125.0,4.9,,124,18,25,6,3,26,2.0
32.3,55,1000.9,2026-06-25 19:00:00,47.7,33.6,447.0,0.1,17.7,103.0,5.5,,120,19,25,6,3,26,-4.0
31.1,57,1001.0,2026-06-25 20:00:00,51.1,38.4,523.0,0.0,25.1,84.0,6.0,,109,20,25,6,3,26,-11.0
30.4,59,1001.7,2026-06-25 21:00:00,50.9,39.5,528.0,0.0,29.1,71.0,6.3,,97,21,25,6,3,26,-12.0
30.0,59,1002.1,2026-06-25 22:00:00,52.3,41.2,501.0,0.0,31.4,60.0,6.6,,98,22,25,6,3,26,1.0
30.1,61,1001.5,2026-06-25 23:00:00,55.6,43.9,491.0,0.0,33.3,51.0,6.6,,98,23,25,6,3,26,0.0
29.5,65,1001.5,2026-06-26 00:00:00,57.0,45.3,531.0,0.0,35.1,44.0,6.4,,99,0,26,6,4,26,1.0
29.0,67,1001.7,2026-06-26 01:00:00,56.5,44.9,588.0,0.0,36.5,40.0,6.0,,100,1,26,6,4,26,1.0
28.5,70,1001.6,2026-06-26 02:00:00,54.5,43.4,621.0,0.0,37.3,36.0,5.6,,101,2,26,6,4,26,1.0
28.2,72,1002.1,2026-06-26 03:00:00,52.0,41.6,604.0,0.0,37.8,30.0,5.2,,102,3,26,6,4,26,1.0
27.8,74,1002.5,2026-06-26 04:00:00,49.5,39.8,561.0,0.0,37.6,26.0,4.8,,103,4,26,6,4,26,1.0
28.3,71,1002.9,2026-06-26 05:00:00,48.1,39.5,524.0,0.5,34.1,27.0,4.7,,103,5,26,6,4,26,0.0
28.3,70,1003.7,2026-06-26 06:00:00,45.8,38.6,509.0,1.2,29.5,46.0,5.8,,104,6,26,6,4,26,1.0
29.6,65,1004.4,2026-06-26 07:00:00,45.3,38.3,500.0,2.1,23.0,73.0,7.3,,104,7,26,6,4,26,0.0
31.4,57,1004.9,2026-06-26 08:00:00,45.1,34.2,476.0,2.5,16.8,99.0,8.2,,105,8,26,6,4,26,1.0
33.1,51,1004.9,2026-06-26 09:00:00,44.7,31.4,421.0,2.0,11.3,124.0,8.1,,106,9,26,6,4,26,1.0
34.3,48,1004.7,2026-06-26 10:00:00,47.6,31.4,351.0,1.0,6.0,148.0,7.5,,106,10,26,6,4,26,0.0
34.7,44,1004.8,2026-06-26 11:00:00,54.8,33.1,298.0,0.3,2.3,164.0,6.9,,106,11,26,6,4,26,0.0
35.6,42,1004.2,2026-06-26 12:00:00,58.9,34.5,277.0,0.1,0.9,167.0,6.4,,105,12,26,6,4,26,-1.0
36.2,41,1003.7,2026-06-26 13:00:00,59.4,34.7,273.0,0.1,1.0,163.0,5.9,,105,13,26,6,4,26,0.0
36.5,40,1002.5,2026-06-26 14:00:00,60.1,35.0,275.0,0.1,1.4,158.0,5.5,,104,14,26,6,4,26,-1.0
36.7,39,1001.9,2026-06-26 15:00:00,59.6,34.8,270.0,0.1,0.5,158.0,5.2,,104,15,26,6,4,26,0.0
36.5,39,1001.5,2026-06-26 16:00:00,59.6,35.0,271.0,0.1,0.0,158.0,5.0,,118,16,26,6,4,26,14.0
37.0,36,1000.6,2026-06-26 17:00:00,57.5,34.0,305.0,0.2,2.7,152.0,4.8,,130,17,26,6,4,26,12.0
35.9,48,1000.6,2026-06-26 18:00:00,57.9,36.6,408.0,0.1,12.4,132.0,5.4,,136,18,26,6,4,26,6.0
34.4,55,1000.8,2026-06-26 19:00:00,63.8,43.7,543.0,0.1,26.0,104.0,6.3,,133,19,26,6,4,26,-3.0
32.4,59,1001.1,2026-06-26 20:00:00,71.9,52.6,627.0,0.0,37.0,80.0,7.1,,120,20,26,6,4,26,-13.0
32.2,58,1001.8,2026-06-26 21:00:00,76.4,58.6,604.0,0.0,43.1,63.0,7.6,,108,21,26,6,4,26,-12.0
31.3,60,1002.4,2026-06-26 22:00:00,78.0,61.9,530.0,0.1,46.7,50.0,8.0,,110,22,26,6,4,26,2.0
31.2,61,1002.4,2026-06-26 23:00:00,77.3,62.4,489.0,0.1,48.8,40.0,8.1,,112,23,26,6,4,26,2.0
30.3,63,1002.4,2026-06-27 00:00:00,78.2,63.3,528.0,0.1,48.9,32.0,7.8,,114,0,27,6,5,26,2.0
30.0,64,1002.5,2026-06-27 01:00:00,78.5,64.0,601.0,0.1,47.5,27.0,7.3,,116,1,27,6,5,26,2.0
29.7,65,1002.4,2026-06-27 02:00:00,76.4,61.2,652.0,0.2,46.8,23.0,6.9,,118,2,27,6,5,26,2.0
29.4,67,1002.5,2026-06-27 03:00:00,75.7,60.1,656.0,0.2,48.7,17.0,6.7,,120,3,27,6,5,26,2.0
28.9,68,1002.8,2026-06-27 04:00:00,75.9,60.8,639.0,0.3,51.4,11.0,6.6,,122,4,27,6,5,26,2.0
28.6,72,1002.7,2026-06-27 05:00:00,81.7,69.6,620.0,2.8,58.8,7.0,7.1,,124,5,27,6,5,26,2.0
29.3,69,1003.1,2026-06-27 06:00:00,81.7,70.3,609.0,3.2,50.5,31.0,7.6,,127,6,27,6,5,26,3.0
30.6,65,1003.6,2026-06-27 07:00:00,74.5,63.3,597.0,3.8,38.8,64.0,8.4,,130,7,27,6,5,26,3.0
31.9,59,1003.8,2026-06-27 08:00:00,65.4,52.4,571.0,3.8,27.8,99.0,8.8,,133,8,27,6,5,26,3.0
33.4,54,1003.8,2026-06-27 09:00:00,61.2,45.9,520.0,2.8,18.3,135.0,8.8,,135,9,27,6,5,26,2.0
34.8,49,1003.5,2026-06-27 10:00:00,60.8,43.9,456.0,1.4,9.5,172.0,8.4,,136,10,27,6,5,26,1.0
35.5,43,1003.3,2026-06-27 11:00:00,61.0,41.9,402.0,0.3,3.2,197.0,8.0,,137,11,27,6,5,26,1.0
36.7,41,1002.5,2026-06-27 12:00:00,63.1,41.3,365.0,0.0,0.9,202.0,7.4,,138,12,27,6,5,26,1.0
37.3,39,1001.4,2026-06-27 13:00:00,63.1,40.3,339.0,0.1,1.2,194.0,6.7,,139,13,27,6,5,26,1.0
37.8,38,1000.2,2026-06-27 14:00:00,61.9,39.2,326.0,0.2,1.7,187.0,6.1,,140,14,27,6,5,26,1.0
38.1,38,999.3,2026-06-27 15:00:00,60.3,38.1,325.0,0.2,1.3,186.0,5.7,,140,15,27,6,5,26,0.0
37.8,39,998.4,2026-06-27 16:00:00,58.9,37.0,338.0,0.2,1.1,185.0,5.5,,156,16,27,6,5,26,16.0
37.6,38,997.7,2026-06-27 17:00:00,27.1,17.6,370.0,0.2,2.7,168.0,4.8,,170,17,27,6,5,26,14.0
35.7,49,997.8,2026-06-27 18:00:00,29.0,20.0,438.0,0.1,8.0,152.0,5.1,,175,18,27,6,5,26,5.0
33.7,54,997.9,2026-06-27 19:00:00,31.0,25.1,526.0,0.1,15.6,130.0,5.6,,172,19,27,6,5,26,-3.0
32.6,52,997.8,2026-06-27 20:00:00,32.2,27.9,588.0,0.0,23.0,109.0,6.1,,161,20,27,6,5,26,-11.0
31.6,56,998.4,2026-06-27 21:00:00,34.5,30.6,602.0,0.0,29.6,92.0,6.7,,145,21,27,6,5,26,-16.0
31.3,58,998.8,2026-06-27 22:00:00,39.8,36.0,592.0,0.0,36.1,75.0,7.2,,130,22,27,6,5,26,-15.0
31.7,57,998.4,2026-06-27 23:00:00,45.5,41.8,581.0,0.0,41.7,61.0,7.6,,127,23,27,6,5,26,-3.0
31.2,57,998.3,2026-06-28 00:00:00,49.6,45.4,574.0,0.0,46.1,49.0,7.6,,125,0,28,6,6,26,-2.0
30.6,60,998.2,2026-06-28 01:00:00,54.4,49.5,567.0,0.0,49.6,39.0,7.4,,123,1,28,6,6,26,-2.0
30.0,63,998.0,2026-06-28 02:00:00,57.4,51.8,572.0,0.1,53.0,30.0,7.2,,122,2,28,6,6,26,-1.0
29.7,64,998.5,2026-06-28 03:00:00,59.8,53.6,608.0,0.3,58.1,19.0,6.9,,121,3,28,6,6,26,-1.0
29.3,66,998.6,2026-06-28 04:00:00,61.9,55.2,656.0,0.7,63.1,9.0,6.6,,120,4,28,6,6,26,-1.0
29.4,63,998.5,2026-06-28 05:00:00,69.8,62.9,674.0,2.8,68.2,8.0,7.4,,119,5,28,6,6,26,-1.0
29.3,66,998.7,2026-06-28 06:00:00,70.5,63.3,637.0,3.8,58.8,33.0,8.1,,119,6,28,6,6,26,0.0
31.1,62,999.3,2026-06-28 07:00:00,63.3,56.5,570.0,5.0,45.4,68.0,9.0,,118,7,28,6,6,26,-1.0
33.0,55,999.6,2026-06-28 08:00:00,55.1,46.6,503.0,5.4,32.8,105.0,9.6,,117,8,28,6,6,26,-1.0
34.6,50,999.6,2026-06-28 09:00:00,53.3,42.1,444.0,4.1,21.8,146.0,9.7,,117,9,28,6,6,26,0.0
36.2,45,999.6,2026-06-28 10:00:00,53.4,39.9,386.0,2.0,11.6,188.0,9.6,,116,10,28,6,6,26,-1.0
37.5,41,999.2,2026-06-28 11:00:00,52.4,38.1,339.0,0.4,4.2,214.0,9.1,,116,11,28,6,6,26,0.0
38.5,38,998.4,2026-06-28 12:00:00,49.2,34.2,308.0,0.0,1.2,214.0,8.1,,115,12,28,6,6,26,-1.0
39.5,34,997.7,2026-06-28 13:00:00,45.3,30.0,288.0,0.0,1.1,198.0,6.7,,115,13,28,6,6,26,0.0
39.8,32,996.6,2026-06-28 14:00:00,41.6,27.0,278.0,0.1,1.5,184.0,5.6,,115,14,28,6,6,26,0.0
40.0,31,995.8,2026-06-28 15:00:00,39.0,25.1,277.0,0.1,1.1,181.0,4.9,,147,15,28,6,6,26,32.0
39.6,32,995.1,2026-06-28 16:00:00,36.6,23.3,287.0,0.2,1.3,181.0,4.5,,165,16,28,6,6,26,18.0
38.5,39,994.7,2026-06-28 17:00:00,35.5,23.1,305.0,0.2,3.4,175.0,4.5,,178,17,28,6,6,26,13.0
36.5,47,994.8,2026-06-28 18:00:00,37.3,26.5,338.0,0.1,8.9,160.0,5.0,,182,18,28,6,6,26,4.0
34.3,52,994.8,2026-06-28 19:00:00,40.4,32.9,380.0,0.1,16.5,140.0,5.9,,178,19,28,6,6,26,-4.0
33.2,52,995.1,2026-06-28 20:00:00,46.3,38.8,415.0,0.0,23.4,119.0,6.6,,166,20,28,6,6,26,-12.0
32.2,54,995.8,2026-06-28 21:00:00,50.6,43.0,439.0,0.0,28.6,99.0,7.0,,151,21,28,6,6,26,-15.0
31.9,53,996.1,2026-06-28 22:00:00,55.5,48.0,455.0,0.0,33.1,78.0,7.3,,130,22,28,6,6,26,-21.0
32.9,52,996.0,2026-06-28 23:00:00,59.5,52.2,462.0,0.0,37.4,61.0,7.5,,115,23,28,6,6,26,-15.0
32.1,54,995.9,2026-06-29 00:00:00,61.5,54.1,452.0,0.0,41.8,49.0,7.4,,116,0,29,6,0,27,1.0
31.0,59,996.0,2026-06-29 01:00:00,65.2,57.5,432.0,0.0,46.0,40.0,7.2,,117,1,29,6,0,27,1.0
30.0,65,996.1,2026-06-29 02:00:00,67.8,60.1,419.0,0.0,49.0,34.0,7.1,,118,2,29,6,0,27,1.0
29.6,67,996.3,2026-06-29 03:00:00,69.8,61.9,420.0,0.0,51.1,26.0,7.2,,119,3,29,6,0,27,1.0
29.2,69,996.4,2026-06-29 04:00:00,71.7,63.3,427.0,0.1,52.2,21.0,7.4,,120,4,29,6,0,27,1.0
29.5,75,996.5,2026-06-29 05:00:00,77.8,68.5,437.0,1.2,61.4,15.0,7.4,,121,5,29,6,0,27,1.0
29.7,74,996.8,2026-06-29 06:00:00,79.9,70.8,454.0,2.0,52.7,44.0,8.1,,121,6,29,6,0,27,0.0
31.9,64,996.9,2026-06-29 07:00:00,76.1,68.0,473.0,3.0,40.4,86.0,9.2,,122,7,29,6,0,27,1.0
33.6,54,997.2,2026-06-29 08:00:00,69.2,58.2,473.0,3.4,28.9,125.0,10.0,,123,8,29,6,0,27,1.0
35.0,49,997.4,2026-06-29 09:00:00,65.4,51.2,439.0,2.6,19.1,160.0,10.5,,124,9,29,6,0,27,1.0
36.3,46,997.1,2026-06-29 10:00:00,63.6,46.7,387.0,1.3,10.0,192.0,10.8,,125,10,29,6,0,27,1.0
36.9,45,997.2,2026-06-29 11:00:00,61.2,43.5,342.0,0.3,3.6,214.0,10.6,,126,11,29,6,0,27,1.0
38.1,42,996.8,2026-06-29 12:00:00,55.2,38.8,310.0,0.0,1.2,219.0,9.5,,127,12,29,6,0,27,1.0
39.1,37,996.1,2026-06-29 13:00:00,48.8,33.9,285.0,0.1,1.3,214.0,7.9,,127,13,29,6,0,27,0.0
39.7,34,995.3,2026-06-29 14:00:00,44.4,30.6,271.0,0.2,2.0,208.0,6.7,,133,14,29,6,0,27,6.0
40.1,32,994.7,2026-06-29 15:00:00,41.8,28.9,269.0,0.2,1.9,206.0,6.2,,164,15,29,6,0,27,31.0
40.0,32,993.8,2026-06-29 16:00:00,40.2,28.0,278.0,0.3,2.3,204.0,6.0,,183,16,29,6,0,27,19.0
39.9,39,993.2,2026-06-29 17:00:00,18.3,14.3,306.0,0.3,5.1,187.0,4.8,,195,17,29,6,0,27,12.0
37.8,51,993.0,2026-06-29 18:00:00,22.2,18.0,369.0,0.2,10.9,166.0,5.3,,200,18,29,6,0,27,5.0
35.4,56,993.2,2026-06-29 19:00:00,27.7,24.4,450.0,0.1,19.1,136.0,6.0,,195,19,29,6,0,27,-5.0
34.8,49,993.6,2026-06-29 20:00:00,32.0,28.5,502.0,0.0,25.6,109.0,6.6,,183,20,29,6,0,27,-12.0
35.0,50,994.4,2026-06-29 21:00:00,34.2,30.3,499.0,0.0,29.2,89.0,7.0,,165,21,29,6,0,27,-18.0
34.5,54,995.0,2026-06-29 22:00:00,38.1,33.8,467.0,0.0,31.3,72.0,7.2,,144,22,29,6,0,27,-21.0
34.6,56,994.6,2026-06-29 23:00:00,42.1,37.5,436.0,0.0,32.0,59.0,7.3,,122,23,29,6,0,27,-22.0
33.4,60,994.5,2026-06-30 00:00:00,42.8,38.1,413.0,0.0,30.7,52.0,7.2,,121,0,30,6,1,27,-1.0
32.4,63,994.7,2026-06-30 01:00:00,42.0,37.3,392.0,0.0,28.1,49.0,7.0,,119,1,30,6,1,27,-2.0
31.9,64,994.6,2026-06-30 02:00:00,42.1,37.4,381.0,0.0,26.0,46.0,6.8,,117,2,30,6,1,27,-2.0
31.5,67,994.7,2026-06-30 03:00:00,43.5,38.3,388.0,0.0,25.9,40.0,6.7,,115,3,30,6,1,27,-2.0
31.0,69,995.2,2026-06-30 04:00:00,45.6,39.9,405.0,0.0,26.3,34.0,6.7,,112,4,30,6,1,27,-3.0
30.9,74,995.5,2026-06-30 05:00:00,47.1,41.3,418.0,0.2,27.8,33.0,6.9,,110,5,30,6,1,27,-2.0
31.0,75,996.2,2026-06-30 06:00:00,48.7,43.1,424.0,0.6,23.7,55.0,8.3,,107,6,30,6,1,27,-3.0
32.5,70,996.7,2026-06-30 07:00:00,53.0,45.9,426.0,1.1,18.0,86.0,10.3,,104,7,30,6,1,27,-3.0
34.0,64,996.9,2026-06-30 08:00:00,60.5,48.1,418.0,1.4,12.7,114.0,11.5,,102,8,30,6,1,27,-2.0
35.4,57,996.9,2026-06-30 09:00:00,68.7,49.6,391.0,1.1,8.5,136.0,11.3,,101,9,30,6,1,27,-1.0
36.7,52,996.6,2026-06-30 10:00:00,71.7,48.5,355.0,0.6,4.8,154.0,10.3,,100,10,30,6,1,27,-1.0
37.8,49,996.8,2026-06-30 11:00:00,70.1,46.4,329.0,0.2,2.2,169.0,9.4,,101,11,30,6,1,27,1.0
38.9,46,996.5,2026-06-30 12:00:00,65.0,43.8,326.0,0.1,1.2,179.0,8.8,,101,12,30,6,1,27,0.0
39.9,42,995.6,2026-06-30 13:00:00,59.3,41.2,334.0,0.2,1.3,184.0,8.3,,101,13,30,6,1,27,0.0
40.6,39,994.6,2026-06-30 14:00:00,55.1,38.9,338.0,0.2,1.7,186.0,7.8,,102,14,30,6,1,27,1.0
40.9,36,994.1,2026-06-30 15:00:00,52.2,36.8,326.0,0.2,1.9,185.0,7.2,,123,15,30,6,1,27,21.0
41.0,33,993.5,2026-06-30 16:00:00,49.9,34.8,310.0,0.2,2.4,181.0,6.7,,145,16,30,6,1,27,22.0
40.9,34,992.9,2026-06-30 17:00:00,48.5,33.3,309.0,0.3,5.0,161.0,5.5,,157,17,30,6,1,27,12.0
39.1,42,993.1,2026-06-30 18:00:00,48.5,35.0,344.0,0.2,11.6,140.0,5.8,,161,18,30,6,1,27,4.0
38.0,42,993.1,2026-06-30 19:00:00,52.0,40.9,395.0,0.1,20.7,112.0,6.1,,158,19,30,6,1,27,-3.0
35.8,42,993.5,2026-06-30 20:00:00,55.4,44.6,421.0,0.0,26.8,89.0,6.5,,149,20,30,6,1,27,-9.0
34.6,49,995.4,2026-06-30 21:00:00,56.8,46.8,397.0,0.0,27.3,77.0,6.8,,130,21,30,6,1,27,-19.0
33.3,57,996.5,2026-06-30 22:00:00,56.3,47.3,348.0,0.0,24.9,71.0,7.1,,113,22,30,6,1,27,-17.0
34.0,57,995.6,2026-06-30 23:00:00,52.6,44.9,311.0,0.0,21.7,70.0,7.4,,115,23,30,6,1,27,2.0
33.5,60,995.6,2026-07-01 00:00:00,53.2,45.3,303.0,0.0,17.8,76.0,7.9,,116,0,1,7,2,27,1.0
32.8,64,995.6,2026-07-01 01:00:00,57.2,47.4,308.0,0.0,13.3,86.0,8.4,,116,1,1,7,2,27,0.0
32.1,68,995.8,2026-07-01 02:00:00,60.1,48.9,313.0,0.0,10.3,92.0,8.7,,117,2,1,7,2,27,1.0
31.7,69,996.2,2026-07-01 03:00:00,61.9,49.9,313.0,0.0,10.6,86.0,8.6,,119,3,1,7,2,27,2.0
31.5,70,996.8,2026-07-01 04:00:00,63.6,50.9,313.0,0.0,12.5,76.0,8.4,,120,4,1,7,2,27,1.0
31.7,71,995.9,2026-07-01 05:00:00,57.0,46.6,312.0,0.0,13.3,65.0,8.1,,121,5,1,7,2,27,1.0
31.8,72,996.5,2026-07-01 06:00:00,58.6,47.5,311.0,0.2,11.4,83.0,8.5,,122,6,1,7,2,27,1.0
31.5,68,997.2,2026-07-01 07:00:00,65.7,49.7,308.0,0.4,8.7,108.0,9.1,,122,7,1,7,2,27,0.0
31.9,63,997.9,2026-07-01 08:00:00,78.9,52.7,303.0,0.5,6.3,130.0,9.4,,122,8,1,7,2,27,0.0
33.5,59,998.3,2026-07-01 09:00:00,77.3,49.7,292.0,0.4,4.7,145.0,9.1,,123,9,1,7,2,27,1.0
35.5,54,998.4,2026-07-01 10:00:00,79.9,49.4,278.0,0.3,3.4,157.0,8.5,,123,10,1,7,2,27,0.0
37.5,44,997.8,2026-07-01 11:00:00,83.4,49.9,269.0,0.2,2.5,166.0,7.9,,123,11,1,7,2,27,0.0
38.0,40,997.4,2026-07-01 12:00:00,81.3,49.4,268.0,0.2,2.0,171.0,7.3,,123,12,1,7,2,27,0.0
37.8,41,997.1,2026-07-01 13:00:00,75.2,45.8,271.0,0.2,1.8,172.0,6.6,,124,13,1,7,2,27,1.0
38.1,40,996.5,2026-07-01 14:00:00,72.2,44.4,276.0,0.2,1.8,171.0,6.1,,124,14,1,7,2,27,0.0
37.5,40,996.0,2026-07-01 15:00:00,74.3,45.6,274.0,0.2,1.7,169.0,5.7,,126,15,1,7,2,27,2.0
36.1,46,996.3,2026-07-01 16:00:00,72.4,44.7,274.0,0.1,1.7,165.0,5.3,,139,16,1,7,2,27,13.0
29.2,86,997.3,2026-07-01 17:00:00,73.1,42.6,292.0,0.1,4.0,158.0,5.2,,146,17,1,7,2,27,7.0
29.4,85,996.7,2026-07-01 18:00:00,71.5,44.4,351.0,0.1,8.2,142.0,5.6,,149,18,1,7,2,27,3.0
29.0,85,997.8,2026-07-01 19:00:00,68.2,46.3,429.0,0.0,14.0,119.0,6.1,,146,19,1,7,2,27,-3.0
28.7,87,998.9,2026-07-01 20:00:00,62.9,49.1,481.0,0.0,19.3,98.0,6.5,,136,20,1,7,2,27,-10.0
29.2,82,999.9,2026-07-01 21:00:00,62.2,52.7,483.0,0.0,23.7,82.0,6.8,,130,21,1,7,2,27,-6.0
29.0,79,1000.9,2026-07-01 22:00:00,67.8,59.3,458.0,0.0,27.6,69.0,6.9,,131,22,1,7,2,27,1.0
26.8,75,1001.5,2026-07-01 23:00:00,67.8,56.9,434.0,0.0,29.3,60.0,6.9,,132,23,1,7,2,27,1.0
26.8,74,1001.4,2026-07-02 00:00:00,69.6,59.8,421.0,0.0,27.7,58.0,6.5,,133,0,2,7,3,27,1.0
26.6,75,1001.2,2026-07-02 01:00:00,66.6,58.1,407.0,0.0,24.0,61.0,5.8,,135,1,2,7,3,27,2.0
26.5,76,1001.0,2026-07-02 02:00:00,65.7,53.8,386.0,0.0,20.5,65.0,5.3,,136,2,2,7,3,27,1.0
26.4,77,1001.0,2026-07-02 03:00:00,59.0,49.8,346.0,0.0,18.1,68.0,5.0,,136,3,2,7,3,27,0.0
26.2,81,1000.7,2026-07-02 04:00:00,59.8,49.0,299.0,0.0,15.9,73.0,4.8,,136,4,2,7,3,27,0.0
27.3,77,1000.3,2026-07-02 05:00:00,85.4,55.4,271.0,0.1,18.4,73.0,8.4,,136,5,2,7,3,27,0.0
27.4,77,1000.9,2026-07-02 06:00:00,89.4,58.8,281.0,0.4,16.1,82.0,9.0,,137,6,2,7,3,27,1.0
28.5,72,1001.5,2026-07-02 07:00:00,86.8,55.2,311.0,0.8,12.9,96.0,9.7,,138,7,2,7,3,27,1.0
29.9,67,1001.9,2026-07-02 08:00:00,94.8,54.4,326.0,1.0,9.8,111.0,10.0,,139,8,2,7,3,27,1.0
31.3,61,1002.0,2026-07-02 09:00:00,98.7,53.1,308.0,0.9,7.0,131.0,9.6,,139,9,2,7,3,27,0.0
32.3,57,1001.7,2026-07-02 10:00:00,90.8,49.8,276.0,0.5,4.3,153.0,8.7,,139,10,2,7,3,27,0.0
32.8,52,1002.3,2026-07-02 11:00:00,89.2,48.3,253.0,0.3,2.4,168.0,7.9,,139,11,2,7,3,27,0.0
34.0,49,1001.4,2026-07-02 12:00:00,93.1,49.6,250.0,0.2,1.5,171.0,7.3,,139,12,2,7,3,27,0.0
34.7,48,1000.2,2026-07-02 13:00:00,95.7,50.5,255.0,0.2,1.4,167.0,6.8,,139,13,2,7,3,27,0.0
35.4,47,999.5,2026-07-02 14:00:00,96.2,50.5,260.0,0.2,1.5,162.0,6.4,,140,14,2,7,3,27,1.0
35.9,46,998.6,2026-07-02 15:00:00,94.5,49.6,257.0,0.2,0.9,159.0,5.9,,140,15,2,7,3,27,0.0
36.1,45,998.1,2026-07-02 16:00:00,91.0,47.6,252.0,0.2,0.5,155.0,5.5,,141,16,2,7,3,27,1.0
35.8,46,998.1,2026-07-02 17:00:00,51.0,27.5,257.0,0.2,2.4,137.0,5.2,,141,17,2,7,3,27,0.0
35.2,49,998.2,2026-07-02 18:00:00,53.2,29.6,279.0,0.1,9.0,121.0,5.5,,139,18,2,7,3,27,-2.0
33.6,56,998.2,2026-07-02 19:00:00,53.6,34.6,310.0,0.1,18.3,98.0,6.0,,138,19,2,7,3,27,-1.0
32.5,57,998.7,2026-07-02 20:00:00,50.8,37.1,334.0,0.0,26.6,78.0,6.6,,137,20,2,7,3,27,-1.0
32.1,56,999.8,2026-07-02 21:00:00,51.0,39.6,345.0,0.0,32.5,64.0,7.3,,135,21,2,7,3,27,-2.0
31.6,58,1000.4,2026-07-02 22:00:00,53.8,42.8,349.0,0.0,37.5,53.0,8.0,,134,22,2,7,3,27,-1.0
32.0,57,1000.4,2026-07-02 23:00:00,71.0,54.7,351.0,0.0,41.5,43.0,8.5,,132,23,2,7,3,27,-2.0
29.2,73,1001.7,2026-07-03 00:00:00,68.0,53.6,351.0,0.0,45.6,32.0,8.5,,132,0,3,7,4,27,0.0
25.8,92,1003.0,2026-07-03 01:00:00,68.9,55.3,348.0,0.0,48.9,23.0,8.1,,131,1,3,7,4,27,-1.0
25.2,93,1003.2,2026-07-03 02:00:00,70.5,56.2,346.0,0.0,48.6,20.0,7.7,,131,2,3,7,4,27,0.0
25.0,94,1003.8,2026-07-03 03:00:00,66.8,52.3,346.0,0.0,42.0,28.0,7.1,,131,3,3,7,4,27,0.0
24.9,93,1003.5,2026-07-03 04:00:00,56.7,46.7,347.0,0.0,31.8,43.0,6.4,,132,4,3,7,4,27,1.0
25.6,92,1003.0,2026-07-03 05:00:00,58.0,43.0,348.0,0.1,21.5,56.0,5.3,,131,5,3,7,4,27,-1.0
25.8,90,1003.3,2026-07-03 06:00:00,62.2,43.8,350.0,0.4,18.5,70.0,6.0,,130,6,3,7,4,27,-1.0
26.9,83,1004.0,2026-07-03 07:00:00,69.4,41.2,352.0,0.9,14.3,91.0,6.9,,128,7,3,7,4,27,-2.0
28.3,76,1004.1,2026-07-03 08:00:00,82.4,42.7,351.0,1.1,10.4,111.0,7.4,,127,8,3,7,4,27,-1.0
29.8,70,1004.1,2026-07-03 09:00:00,88.5,44.5,347.0,0.9,7.3,130.0,7.2,,126,9,3,7,4,27,-1.0
31.2,65,1003.9,2026-07-03 10:00:00,85.9,44.4,340.0,0.6,4.5,149.0,6.6,,125,10,3,7,4,27,-1.0
33.3,57,1003.2,2026-07-03 11:00:00,83.1,43.1,333.0,0.3,2.5,162.0,6.0,,124,11,3,7,4,27,-1.0
34.5,52,1002.7,2026-07-03 12:00:00,81.0,41.6,325.0,0.2,1.6,165.0,5.4,,124,12,3,7,4,27,0.0
35.3,50,1001.7,2026-07-03 13:00:00,81.5,41.0,316.0,0.2,1.5,162.0,4.8,,123,13,3,7,4,27,-1.0
35.6,49,1000.8,2026-07-03 14:00:00,82.2,40.6,311.0,0.2,1.7,159.0,4.4,,122,14,3,7,4,27,-1.0
35.9,48,999.9,2026-07-03 15:00:00,82.2,40.6,297.0,0.2,1.0,161.0,4.2,,121,15,3,7,4,27,-1.0
35.7,48,999.0,2026-07-03 16:00:00,80.3,39.8,287.0,0.2,0.6,163.0,4.1,,122,16,3,7,4,27,1.0
34.3,50,998.7,2026-07-03 17:00:00,63.6,32.0,328.0,0.2,3.2,153.0,4.3,,133,17,3,7,4,27,11.0
33.1,56,998.6,2026-07-03 18:00:00,59.6,31.5,472.0,0.1,13.0,133.0,4.9,,138,18,3,7,4,27,5.0
31.4,69,998.4,2026-07-03 19:00:00,56.8,37.3,666.0,0.1,26.8,104.0,5.9,,134,19,3,7,4,27,-4.0
30.3,72,998.7,2026-07-03 20:00:00,69.4,47.8,803.0,0.0,39.4,80.0,7.0,,122,20,3,7,4,27,-12.0
30.0,71,999.4,2026-07-03 21:00:00,80.8,58.0,815.0,0.0,49.7,65.0,8.5,,121,21,3,7,4,27,-1.0
29.9,71,999.7,2026-07-03 22:00:00,89.9,65.4,770.0,0.0,58.9,53.0,10.1,,123,22,3,7,4,27,2.0
29.9,69,999.5,2026-07-03 23:00:00,96.2,70.8,760.0,0.0,64.7,44.0,11.1,,126,23,3,7,4,27,3.0
29.7,67,999.7,2026-07-04 00:00:00,98.7,73.8,850.0,0.0,65.4,37.0,11.0,,127,0,4,7,5,27,1.0
29.4,67,999.5,2026-07-04 01:00:00,95.7,72.6,977.0,0.0,62.8,32.0,10.2,,129,1,4,7,5,27,2.0
29.1,69,999.6,2026-07-04 02:00:00,91.7,71.0,1039.0,0.0,60.1,28.0,9.5,,131,2,4,7,5,27,2.0
28.0,75,999.9,2026-07-04 03:00:00,90.3,70.8,974.0,0.1,59.0,21.0,9.1,,133,3,4,7,5,27,2.0
27.5,81,1000.1,2026-07-04 04:00:00,90.3,71.2,845.0,0.3,57.8,14.0,8.8,,135,4,4,7,5,27,2.0
28.3,72,1000.1,2026-07-04 05:00:00,100.4,79.2,744.0,1.8,70.2,9.0,9.0,,137,5,4,7,5,27,2.0
28.8,69,1000.7,2026-07-04 06:00:00,95.2,76.6,719.0,2.3,59.0,40.0,9.7,,141,6,4,7,5,27,4.0
30.5,63,1001.3,2026-07-04 07:00:00,89.6,73.6,723.0,3.0,43.2,83.0,10.7,,144,7,4,7,5,27,3.0
31.8,58,1001.6,2026-07-04 08:00:00,82.9,62.9,701.0,3.2,29.1,123.0,11.1,,148,8,4,7,5,27,4.0
32.9,55,1001.3,2026-07-04 09:00:00,67.8,45.9,623.0,2.4,18.4,155.0,10.5,,150,9,4,7,5,27,2.0
34.2,49,1000.5,2026-07-04 10:00:00,61.5,39.0,521.0,1.2,9.5,184.0,9.4,,150,10,4,7,5,27,0.0
34.7,42,1000.9,2026-07-04 11:00:00,61.9,36.7,435.0,0.3,3.2,202.0,8.4,,149,11,4,7,5,27,-1.0
36.0,38,1000.1,2026-07-04 12:00:00,63.6,36.6,379.0,0.1,0.8,204.0,7.6,,149,12,4,7,5,27,0.0
36.6,36,998.8,2026-07-04 13:00:00,63.8,36.6,340.0,0.1,1.1,195.0,6.8,,148,13,4,7,5,27,-1.0
36.9,35,997.8,2026-07-04 14:00:00,62.6,36.1,319.0,0.2,1.8,187.0,6.2,,148,14,4,7,5,27,0.0
37.2,35,996.9,2026-07-04 15:00:00,61.2,35.5,314.0,0.2,1.1,186.0,5.8,,150,15,4,7,5,27,2.0
37.1,36,996.0,2026-07-04 16:00:00,59.8,35.0,327.0,0.2,0.6,186.0,5.5,,166,16,4,7,5,27,16.0
37.6,35,995.6,2026-07-04 17:00:00,35.2,21.2,366.0,0.2,2.9,172.0,4.9,,176,17,4,7,5,27,10.0
35.9,50,995.3,2026-07-04 18:00:00,37.5,24.9,454.0,0.1,11.2,153.0,5.4,,179,18,4,7,5,27,3.0
33.3,57,995.4,2026-07-04 19:00:00,41.2,31.9,568.0,0.1,22.7,127.0,6.1,,174,19,4,7,5,27,-5.0
31.7,58,995.7,2026-07-04 20:00:00,46.7,37.4,652.0,0.0,32.0,104.0,6.8,,162,20,4,7,5,27,-12.0
31.1,59,995.9,2026-07-04 21:00:00,50.5,40.7,681.0,0.0,36.7,89.0,7.4,,145,21,4,7,5,27,-17.0
30.7,58,996.2,2026-07-04 22:00:00,54.0,44.1,678.0,0.0,39.2,78.0,7.9,,141,22,4,7,5,27,-4.0
30.8,58,996.1,2026-07-04 23:00:00,57.4,47.1,659.0,0.0,41.5,67.0,8.1,,139,23,4,7,5,27,-2.0
30.2,58,996.3,2026-07-05 00:00:00,63.8,53.0,610.0,0.0,44.3,55.0,7.9,,136,0,5,7,6,27,-3.0
30.0,60,996.2,2026-07-05 01:00:00,67.8,56.9,544.0,0.0,46.9,43.0,7.6,,134,1,5,7,6,27,-2.0
29.7,62,996.5,2026-07-05 02:00:00,68.7,57.7,516.0,0.1,49.0,33.0,7.2,,132,2,5,7,6,27,-2.0
29.1,65,996.9,2026-07-05 03:00:00,68.7,57.4,563.0,0.1,51.3,22.0,6.9,,131,3,5,7,6,27,-1.0
28.5,69,997.0,2026-07-05 04:00:00,69.2,57.6,648.0,0.0,53.1,14.0,6.7,,130,4,5,7,6,27,-1.0
28.0,75,997.5,2026-07-05 05:00:00,76.1,61.9,717.0,1.2,61.1,11.0,7.0,,128,5,5,7,6,27,-2.0
28.5,73,998.0,2026-07-05 06:00:00,77.8,63.1,763.0,2.4,53.6,35.0,7.5,,126,6,5,7,6,27,-2.0
30.2,67,998.5,2026-07-05 07:00:00,72.6,59.5,794.0,4.0,42.9,70.0,8.3,,125,7,5,7,6,27,-1.0
32.1,60,998.8,2026-07-05 08:00:00,68.9,53.4,779.0,4.7,32.3,108.0,8.8,,124,8,5,7,6,27,-1.0
34.1,52,998.7,2026-07-05 09:00:00,66.1,48.5,685.0,3.7,22.1,152.0,9.0,,123,9,5,7,6,27,-1.0
35.7,46,998.4,2026-07-05 10:00:00,67.1,47.5,544.0,1.8,12.0,198.0,8.9,,123,10,5,7,6,27,0.0
36.3,41,998.8,2026-07-05 11:00:00,68.9,46.3,426.0,0.4,4.6,227.0,8.6,,124,11,5,7,6,27,1.0
37.5,38,998.1,2026-07-05 12:00:00,70.1,43.9,354.0,0.0,1.6,227.0,7.7,,125,12,5,7,6,27,1.0
38.1,36,997.2,2026-07-05 13:00:00,69.4,41.7,304.0,0.0,1.4,210.0,6.6,,126,13,5,7,6,27,1.0
38.5,35,996.4,2026-07-05 14:00:00,67.3,39.7,270.0,0.1,1.6,194.0,5.7,,128,14,5,7,6,27,2.0
38.8,34,995.6,2026-07-05 15:00:00,64.3,37.7,250.0,0.1,0.9,188.0,5.3,,158,15,5,7,6,27,30.0
38.7,33,995.3,2026-07-05 16:00:00,61.5,36.2,246.0,0.1,0.6,183.0,5.1,,177,16,5,7,6,27,19.0
38.2,39,994.6,2026-07-05 17:00:00,52.3,30.0,261.0,0.1,2.9,162.0,4.6,,189,17,5,7,6,27,12.0
36.2,50,994.6,2026-07-05 18:00:00,50.8,33.2,307.0,0.1,10.4,143.0,5.1,,191,18,5,7,6,27,2.0
34.3,53,994.6,2026-07-05 19:00:00,55.2,41.4,370.0,0.0,20.9,115.0,5.8,,182,19,5,7,6,27,-9.0
32.9,54,994.5,2026-07-05 20:00:00,64.7,49.9,415.0,0.0,29.8,92.0,6.5,,164,20,5,7,6,27,-18.0
32.2,57,995.1,2026-07-05 21:00:00,69.4,53.7,416.0,0.0,35.0,78.0,7.4,,140,21,5,7,6,27,-24.0
31.8,59,995.7,2026-07-05 22:00:00,75.7,58.6,398.0,0.0,38.6,67.0,8.4,,132,22,5,7,6,27,-8.0
31.5,61,996.0,2026-07-05 23:00:00,82.9,65.4,398.0,0.0,41.9,57.0,8.9,,134,23,5,7,6,27,2.0
31.8,57,995.9,2026-07-06 00:00:00,85.7,68.9,441.0,0.0,45.6,44.0,8.7,,136,0,6,7,0,28,2.0
31.3,56,995.7,2026-07-06 01:00:00,84.5,68.7,503.0,0.0,48.9,32.0,8.1,,137,1,6,7,0,28,1.0
30.8,60,995.8,2026-07-06 02:00:00,83.6,68.5,543.0,0.0,51.1,22.0,7.4,,139,2,6,7,0,28,2.0
30.5,62,996.1,2026-07-06 03:00:00,82.9,68.2,541.0,0.0,52.2,13.0,6.6,,140,3,6,7,0,28,1.0
30.3,64,996.6,2026-07-06 04:00:00,81.3,67.5,519.0,0.2,52.0,6.0,5.9,,141,4,6,7,0,28,1.0
29.5,72,997.2,2026-07-06 05:00:00,81.7,70.1,500.0,1.1,53.9,9.0,5.9,,142,5,6,7,0,28,1.0
29.4,76,997.9,2026-07-06 06:00:00,80.3,69.2,497.0,1.7,46.0,36.0,7.3,,143,6,6,7,0,28,1.0
30.7,73,998.5,2026-07-06 07:00:00,81.5,69.8,499.0,2.4,34.7,73.0,9.1,,143,7,6,7,0,28,0.0
32.3,67,999.0,2026-07-06 08:00:00,91.3,74.5,490.0,2.7,24.5,111.0,10.5,,144,8,6,7,0,28,1.0
33.9,61,998.8,2026-07-06 09:00:00,103.1,79.9,463.0,2.1,16.3,149.0,10.9,,147,9,6,7,0,28,3.0
35.3,56,998.5,2026-07-06 10:00:00,107.8,82.4,426.0,1.1,9.0,187.0,10.8,,150,10,6,7,0,28,3.0
35.8,51,998.6,2026-07-06 11:00:00,105.7,80.6,393.0,0.3,3.8,211.0,10.4,,151,11,6,7,0,28,1.0
36.8,47,998.1,2026-07-06 12:00:00,101.3,76.4,366.0,0.1,1.7,214.0,9.5,,152,12,6,7,0,28,1.0
37.3,46,997.3,2026-07-06 13:00:00,95.0,70.1,344.0,0.1,1.7,203.0,8.4,,153,13,6,7,0,28,1.0
38.0,42,996.5,2026-07-06 14:00:00,87.3,64.5,331.0,0.2,2.1,192.0,7.4,,154,14,6,7,0,28,1.0
37.1,46,996.1,2026-07-06 15:00:00,83.4,62.4,327.0,0.2,1.6,188.0,6.8,,155,15,6,7,0,28,1.0
37.1,44,995.7,2026-07-06 16:00:00,79.6,60.1,333.0,0.2,1.5,183.0,6.5,,169,16,6,7,0,28,14.0
36.9,41,995.6,2026-07-06 17:00:00,92.4,63.3,360.0,0.2,6.1,166.0,6.3,,181,17,6,7,0,28,12.0
35.4,54,995.6,2026-07-06 18:00:00,88.2,63.8,431.0,0.1,14.1,139.0,6.4,,184,18,6,7,0,28,3.0
33.8,58,995.7,2026-07-06 19:00:00,78.9,63.8,522.0,0.1,24.9,103.0,6.7,,176,19,6,7,0,28,-8.0
33.0,56,996.2,2026-07-06 20:00:00,82.0,67.8,575.0,0.0,31.4,76.0,6.8,,159,20,6,7,0,28,-17.0
32.2,58,997.2,2026-07-06 21:00:00,77.5,66.6,554.0,0.0,29.1,70.0,6.9,,159,21,6,7,0,28,0.0
31.6,61,997.9,2026-07-06 22:00:00,73.3,62.9,494.0,0.0,22.5,74.0,6.9,,159,22,6,7,0,28,0.0
29.0,65,999.9,2026-07-06 23:00:00,71.5,61.9,444.0,0.0,18.2,75.0,6.8,,160,23,6,7,0,28,1.0
28.5,70,999.6,2026-07-07 00:00:00,71.5,62.2,419.0,0.0,19.8,66.0,6.5,,160,0,7,7,1,28,0.0
28.0,73,999.3,2026-07-07 01:00:00,72.4,63.8,403.0,0.0,23.6,55.0,6.2,,159,1,7,7,1,28,-1.0
27.7,73,999.4,2026-07-07 02:00:00,71.0,61.9,400.0,0.0,25.0,50.0,5.9,,159,2,7,7,1,28,0.0
27.6,76,999.3,2026-07-07 03:00:00,65.2,57.3,419.0,0.0,21.3,58.0,5.8,,159,3,7,7,1,28,0.0
27.3,79,999.6,2026-07-07 04:00:00,66.1,56.9,451.0,0.0,15.2,74.0,5.8,,159,4,7,7,1,28,0.0
28.1,77,1000.2,2026-07-07 05:00:00,75.4,66.8,468.0,0.1,28.2,33.0,6.4,,158,5,7,7,1,28,-1.0
27.6,74,1000.8,2026-07-07 06:00:00,80.6,71.2,457.0,0.5,23.4,56.0,8.0,,158,6,7,7,1,28,0.0
27.8,67,1000.6,2026-07-07 07:00:00,85.4,74.0,431.0,0.9,16.7,87.0,10.1,,158,7,7,7,1,28,0.0
28.8,63,1001.4,2026-07-07 08:00:00,85.9,68.7,406.0,1.2,11.0,117.0,11.3,,158,8,7,7,1,28,0.0
29.6,64,1000.9,2026-07-07 09:00:00,87.1,67.1,387.0,1.0,7.3,142.0,10.9,,158,9,7,7,1,28,0.0
31.5,58,1000.4,2026-07-07 10:00:00,89.2,66.6,369.0,0.6,4.5,165.0,9.7,,158,10,7,7,1,28,0.0
32.4,55,1000.0,2026-07-07 11:00:00,92.0,66.6,356.0,0.3,2.6,180.0,8.5,,157,11,7,7,1,28,-1.0
33.6,52,999.1,2026-07-07 12:00:00,94.3,65.4,350.0,0.2,1.7,183.0,7.7,,157,12,7,7,1,28,0.0
34.3,50,997.8,2026-07-07 13:00:00,94.5,62.4,348.0,0.2,1.7,179.0,7.0,,157,13,7,7,1,28,0.0
34.6,50,996.9,2026-07-07 14:00:00,93.1,59.1,347.0,0.2,1.9,175.0,6.5,,156,14,7,7,1,28,-1.0
35.0,48,995.9,2026-07-07 15:00:00,88.7,54.9,337.0,0.2,0.9,176.0,6.0,,156,15,7,7,1,28,0.0
35.0,48,995.3,2026-07-07 16:00:00,84.5,52.2,327.0,0.2,0.2,177.0,5.7,,156,16,7,7,1,28,0.0
35.8,42,994.6,2026-07-07 17:00:00,36.6,23.7,345.0,0.2,3.2,169.0,5.3,,157,17,7,7,1,28,1.0
34.7,58,994.2,2026-07-07 18:00:00,36.7,25.4,416.0,0.1,13.3,147.0,5.9,,161,18,7,7,1,28,4.0
33.1,61,994.4,2026-07-07 19:00:00,45.3,34.7,514.0,0.1,27.2,117.0,6.8,,158,19,7,7,1,28,-3.0
31.3,62,995.1,2026-07-07 20:00:00,53.6,43.2,588.0,0.0,37.7,92.0,7.5,,153,20,7,7,1,28,-5.0
30.7,65,996.0,2026-07-07 21:00:00,55.5,45.6,617.0,0.0,41.1,77.0,8.0,,152,21,7,7,1,28,-1.0
30.4,66,996.5,2026-07-07 22:00:00,58.1,48.2,621.0,0.0,41.1,67.0,8.3,,151,22,7,7,1,28,-1.0
30.8,64,996.3,2026-07-07 23:00:00,62.9,52.9,617.0,0.0,42.1,57.0,8.5,,151,23,7,7,1,28,0.0
29.6,67,996.1,2026-07-08 00:00:00,68.5,58.6,599.0,0.0,46.5,47.0,8.5,,151,0,8,7,2,28,0.0
29.7,64,996.3,2026-07-08 01:00:00,71.9,61.9,571.0,0.0,51.8,37.0,8.4,,150,1,8,7,2,28,-1.0
29.6,63,996.4,2026-07-08 02:00:00,73.6,63.6,564.0,0.0,54.8,29.0,8.3,,150,2,8,7,2,28,0.0
29.2,66,996.8,2026-07-08 03:00:00,73.1,63.3,598.0,0.3,54.2,20.0,8.0,,150,3,8,7,2,28,0.0
28.7,68,997.1,2026-07-08 04:00:00,71.0,61.9,652.0,0.8,51.4,13.0,7.6,,151,4,8,7,2,28,1.0
28.2,70,997.3,2026-07-08 05:00:00,81.0,70.8,692.0,1.6,67.3,4.0,7.6,,151,5,8,7,2,28,0.0
28.1,73,998.0,2026-07-08 06:00:00,78.5,69.2,711.0,2.7,59.0,29.0,8.4,,151,6,8,7,2,28,0.0
29.4,69,997.7,2026-07-08 07:00:00,70.5,63.1,716.0,4.2,47.0,65.0,9.6,,151,7,8,7,2,28,0.0
30.1,64,998.8,2026-07-08 08:00:00,67.1,57.6,689.0,4.8,35.3,104.0,10.4,,151,8,8,7,2,28,0.0
31.8,57,998.4,2026-07-08 09:00:00,61.0,50.2,609.0,3.7,23.9,150.0,10.6,,150,9,8,7,2,28,-1.0
33.6,53,998.0,2026-07-08 10:00:00,57.2,45.8,498.0,1.8,12.8,200.0,10.4,,149,10,8,7,2,28,-1.0
35.1,47,997.9,2026-07-08 11:00:00,53.8,42.3,407.0,0.4,4.7,233.0,10.0,,147,11,8,7,2,28,-2.0
35.5,44,997.0,2026-07-08 12:00:00,51.9,39.9,354.0,0.0,1.7,237.0,9.2,,144,12,8,7,2,28,-3.0
36.2,38,996.8,2026-07-08 13:00:00,50.9,38.1,321.0,0.1,1.8,224.0,8.1,,142,13,8,7,2,28,-2.0
36.1,37,995.8,2026-07-08 14:00:00,48.3,35.4,303.0,0.2,2.4,212.0,7.1,,139,14,8,7,2,28,-3.0
37.0,36,994.9,2026-07-08 15:00:00,44.6,32.0,300.0,0.2,1.1,209.0,6.3,,165,15,8,7,2,28,26.0
37.2,35,994.5,2026-07-08 16:00:00,41.8,29.7,313.0,0.2,0.2,207.0,5.7,,188,16,8,7,2,28,23.0
36.5,36,993.8,2026-07-08 17:00:00,31.1,25.5,340.0,0.2,3.4,199.0,6.0,,202,17,8,7,2,28,14.0
35.1,46,994.2,2026-07-08 18:00:00,36.0,29.8,398.0,0.1,15.3,175.0,6.6,,205,18,8,7,2,28,3.0
33.1,48,994.6,2026-07-08 19:00:00,45.1,39.3,471.0,0.1,31.2,142.0,7.5,,203,19,8,7,2,28,-2.0
32.5,47,995.6,2026-07-08 20:00:00,53.3,47.7,509.0,0.0,39.9,121.0,8.4,,193,20,8,7,2,28,-10.0
32.0,47,996.6,2026-07-08 21:00:00,55.3,49.9,474.0,0.0,33.7,124.0,9.2,,175,21,8,7,2,28,-18.0
31.4,48,997.5,2026-07-08 22:00:00,68.5,61.2,403.0,0.0,20.2,137.0,9.9,,159,22,8,7,2,28,-16.0
28.4,63,999.4,2026-07-08 23:00:00,73.8,66.4,362.0,0.0,10.7,143.0,10.3,,146,23,8,7,2,28,-13.0
27.6,69,998.9,2026-07-09 00:00:00,75.4,68.5,386.0,0.0,10.5,131.0,10.4,,137,0,9,7,3,28,-9.0
27.4,70,998.5,2026-07-09 01:00:00,77.5,70.3,439.0,0.0,14.3,112.0,10.2,,138,1,9,7,3,28,1.0
26.9,72,998.6,2026-07-09 02:00:00,81.3,73.3,482.0,0.0,18.1,93.0,9.9,,138,2,9,7,3,28,0.0
26.7,76,998.7,2026-07-09 03:00:00,86.1,76.8,496.0,0.0,21.5,73.0,9.2,,140,3,9,7,3,28,2.0
26.0,79,998.9,2026-07-09 04:00:00,88.5,78.9,499.0,0.0,24.9,53.0,8.5,,141,4,9,7,3,28,1.0
26.6,76,998.8,2026-07-09 05:00:00,92.2,81.3,503.0,0.1,24.4,67.0,9.7,,143,5,9,7,3,28,2.0
26.6,78,999.1,2026-07-09 06:00:00,93.8,82.9,513.0,0.3,19.9,92.0,11.3,,144,6,9,7,3,28,1.0
28.0,72,999.2,2026-07-09 07:00:00,102.4,83.4,525.0,0.6,13.6,127.0,13.5,,145,7,9,7,3,28,1.0
29.8,64,999.1,2026-07-09 08:00:00,108.3,81.3,535.0,0.7,8.4,157.0,14.7,,147,8,9,7,3,28,2.0
31.0,59,998.9,2026-07-09 09:00:00,110.4,80.3,548.0,0.6,5.5,179.0,14.2,,150,9,9,7,3,28,3.0
32.2,56,998.4,2026-07-09 10:00:00,108.3,79.2,560.0,0.4,3.7,197.0,12.9,,151,10,9,7,3,28,1.0
32.5,51,998.9,2026-07-09 11:00:00,103.4,75.9,551.0,0.2,2.5,208.0,11.4,,152,11,9,7,3,28,1.0
34.2,47,998.3,2026-07-09 12:00:00,95.7,70.3,503.0,0.2,1.8,208.0,10.1,,153,12,9,7,3,28,1.0
35.3,44,997.6,2026-07-09 13:00:00,85.2,62.4,435.0,0.2,1.7,200.0,8.7,,154,13,9,7,3,28,1.0
35.9,42,996.8,2026-07-09 14:00:00,74.7,54.2,382.0,0.2,1.8,192.0,7.5,,156,14,9,7,3,28,2.0
36.4,40,996.4,2026-07-09 15:00:00,66.8,47.7,352.0,0.2,1.3,189.0,6.6,,172,15,9,7,3,28,16.0
36.4,39,995.7,2026-07-09 16:00:00,62.2,43.8,338.0,0.2,0.9,185.0,6.0,,181,16,9,7,3,28,9.0
36.3,42,995.3,2026-07-09 17:00:00,37.7,27.6,350.0,0.2,2.7,178.0,5.5,,186,17,9,7,3,28,5.0
34.6,51,995.4,2026-07-09 18:00:00,40.5,30.4,407.0,0.1,10.8,155.0,5.9,,186,18,9,7,3,28,0.0
32.5,54,995.9,2026-07-09 19:00:00,44.8,36.9,490.0,0.1,22.0,122.0,6.4,,179,19,9,7,3,28,-7.0
30.9,56,996.6,2026-07-09 20:00:00,49.2,42.6,554.0,0.0,30.7,95.0,6.9,,165,20,9,7,3,28,-14.0
30.8,54,997.6,2026-07-09 21:00:00,50.1,44.1,582.0,0.0,34.5,78.0,7.2,,156,21,9,7,3,28,-9.0
30.8,55,998.0,2026-07-09 22:00:00,53.9,46.9,591.0,0.0,36.0,66.0,7.5,,156,22,9,7,3,28,0.0
30.7,59,997.7,2026-07-09 23:00:00,59.1,50.5,587.0,0.0,36.8,56.0,7.5,,155,23,9,7,3,28,-1.0
30.0,62,997.9,2026-07-10 00:00:00,62.6,52.2,565.0,0.0,38.0,46.0,7.1,,155,0,10,7,4,28,0.0
30.2,61,997.7,2026-07-10 01:00:00,65.4,53.2,530.0,0.0,38.7,37.0,6.6,,154,1,10,7,4,28,-1.0
30.3,60,997.8,2026-07-10 02:00:00,68.0,54.1,509.0,0.0,37.8,33.0,6.3,,154,2,10,7,4,28,0.0
29.6,64,998.0,2026-07-10 03:00:00,70.1,54.7,518.0,0.0,34.6,34.0,6.6,,153,3,10,7,4,28,-1.0
29.0,65,998.8,2026-07-10 04:00:00,68.7,53.8,540.0,0.0,29.8,39.0,7.2,,152,4,10,7,4,28,-1.0
28.1,69,998.8,2026-07-10 05:00:00,63.3,52.7,552.0,0.0,24.5,44.0,7.4,,152,5,10,7,4,28,0.0
28.6,68,998.7,2026-07-10 06:00:00,67.5,55.3,541.0,0.3,20.6,65.0,8.8,,151,6,10,7,4,28,-1.0
29.6,67,999.1,2026-07-10 07:00:00,80.3,62.2,521.0,0.7,15.2,95.0,10.8,,150,7,10,7,4,28,-1.0
30.8,64,999.4,2026-07-10 08:00:00,97.1,67.3,505.0,0.9,10.4,122.0,12.0,,148,8,10,7,4,28,-2.0
32.3,60,999.1,2026-07-10 09:00:00,110.4,70.3,504.0,0.8,7.1,144.0,11.8,,146,9,10,7,4,28,-2.0
33.9,55,998.6,2026-07-10 10:00:00,113.9,68.2,508.0,0.5,4.4,165.0,10.9,,145,10,10,7,4,28,-1.0
35.0,51,998.1,2026-07-10 11:00:00,112.7,65.0,501.0,0.3,2.6,181.0,9.9,,144,11,10,7,4,28,-1.0
36.3,47,997.4,2026-07-10 12:00:00,104.5,60.8,473.0,0.2,1.8,193.0,9.0,,143,12,10,7,4,28,-1.0
37.0,43,996.4,2026-07-10 13:00:00,90.6,54.5,434.0,0.2,1.9,200.0,8.0,,142,13,10,7,4,28,-1.0
37.5,42,995.5,2026-07-10 14:00:00,78.0,48.3,402.0,0.2,2.1,204.0,7.2,,141,14,10,7,4,28,-1.0
37.9,41,995.0,2026-07-10 15:00:00,70.5,44.0,377.0,0.2,1.7,205.0,6.6,,144,15,10,7,4,28,3.0
37.8,40,994.4,2026-07-10 16:00:00,65.7,40.7,359.0,0.2,1.5,202.0,6.1,,163,16,10,7,4,28,19.0
37.9,40,993.3,2026-07-10 17:00:00,54.1,31.9,365.0,0.1,2.5,176.0,5.9,,176,17,10,7,4,28,13.0
36.1,49,993.7,2026-07-10 18:00:00,54.0,33.5,418.0,0.1,7.1,154.0,5.9,,181,18,10,7,4,28,5.0
33.7,57,994.1,2026-07-10 19:00:00,50.9,36.6,495.0,0.0,13.3,123.0,6.0,,179,19,10,7,4,28,-2.0
32.8,52,994.7,2026-07-10 20:00:00,51.3,38.8,548.0,0.0,17.4,102.0,6.4,,170,20,10,7,4,28,-9.0
33.2,50,995.9,2026-07-10 21:00:00,50.3,39.0,552.0,0.0,17.3,99.0,7.3,,155,21,10,7,4,28,-15.0
32.3,55,996.6,2026-07-10 22:00:00,50.4,39.7,531.0,0.0,15.1,104.0,8.5,,140,22,10,7,4,28,-15.0
32.6,56,996.0,2026-07-10 23:00:00,52.9,41.3,512.0,0.0,13.2,108.0,9.3,,139,23,10,7,4,28,-1.0
31.9,59,996.0,2026-07-11 00:00:00,54.2,42.5,505.0,0.0,12.5,106.0,9.5,,138,0,11,7,5,28,-1.0
30.8,64,996.3,2026-07-11 01:00:00,53.9,41.1,500.0,0.0,12.1,102.0,9.2,,137,1,11,7,5,28,-1.0
29.9,68,996.0,2026-07-11 02:00:00,52.7,41.7,488.0,0.0,11.9,98.0,8.7,,136,2,11,7,5,28,-1.0
26.5,85,997.7,2026-07-11 03:00:00,53.8,42.0,462.0,0.0,12.1,91.0,7.6,,135,3,11,7,5,28,-1.0
26.0,91,997.3,2026-07-11 04:00:00,52.5,42.6,429.0,0.0,12.6,85.0,6.3,,133,4,11,7,5,28,-2.0
25.6,87,996.8,2026-07-11 05:00:00,53.0,43.0,406.0,0.0,9.0,107.0,6.4,,132,5,11,7,5,28,-1.0
26.1,86,997.6,2026-07-11 06:00:00,52.0,43.5,404.0,0.3,8.9,113.0,6.9,,131,6,11,7,5,28,-1.0
27.2,81,997.7,2026-07-11 07:00:00,53.9,43.7,412.0,0.6,8.7,122.0,7.6,,130,7,11,7,5,28,-1.0
28.2,75,998.2,2026-07-11 08:00:00,54.7,41.8,413.0,0.8,8.0,132.0,7.9,,128,8,11,7,5,28,-2.0
29.7,68,998.0,2026-07-11 09:00:00,61.5,43.4,398.0,0.7,6.3,146.0,7.6,,125,9,11,7,5,28,-3.0
31.4,63,997.5,2026-07-11 10:00:00,65.9,43.8,377.0,0.4,4.0,162.0,7.0,,122,10,11,7,5,28,-3.0
32.1,59,997.9,2026-07-11 11:00:00,68.2,43.8,358.0,0.2,2.3,173.0,6.5,,120,11,11,7,5,28,-2.0
33.2,55,997.1,2026-07-11 12:00:00,68.2,43.5,345.0,0.2,1.6,175.0,6.2,,118,12,11,7,5,28,-2.0
34.1,53,996.3,2026-07-11 13:00:00,68.7,43.2,335.0,0.2,1.5,173.0,5.9,,116,13,11,7,5,28,-2.0
34.9,51,995.1,2026-07-11 14:00:00,67.3,41.6,327.0,0.2,1.5,169.0,5.7,,121,14,11,7,5,28,5.0
34.9,51,994.8,2026-07-11 15:00:00,65.0,39.9,320.0,0.2,1.0,167.0,5.5,,133,15,11,7,5,28,12.0
34.5,52,994.6,2026-07-11 16:00:00,63.8,39.0,316.0,0.2,0.7,163.0,5.3,,142,16,11,7,5,28,9.0
33.8,52,994.6,2026-07-11 17:00:00,44.0,30.6,317.0,0.2,2.4,150.0,4.6,,149,17,11,7,5,28,7.0
33.1,58,994.5,2026-07-11 18:00:00,46.4,32.7,329.0,0.1,5.6,136.0,4.7,,150,18,11,7,5,28,1.0
32.0,64,995.2,2026-07-11 19:00:00,48.1,36.8,347.0,0.1,9.9,117.0,4.8,,144,19,11,7,5,28,-6.0
30.9,66,995.9,2026-07-11 20:00:00,44.5,36.6,357.0,0.0,13.5,101.0,4.9,,132,20,11,7,5,28,-12.0
30.5,67,996.8,2026-07-11 21:00:00,43.8,36.3,351.0,0.0,15.5,91.0,5.1,,117,21,11,7,5,28,-15.0
30.3,67,997.2,2026-07-11 22:00:00,44.8,36.9,338.0,0.0,16.7,84.0,5.3,,113,22,11,7,5,28,-4.0
26.1,89,997.9,2026-07-11 23:00:00,51.5,39.9,328.0,0.0,17.1,79.0,5.3,,112,23,11,7,5,28,-1.0
23.2,96,998.1,2026-07-12 00:00:00,44.9,36.7,327.0,0.0,16.7,77.0,5.1,,112,0,12,7,6,28,0.0
23.4,93,998.3,2026-07-12 01:00:00,47.0,37.7,330.0,0.0,15.5,77.0,4.6,,112,1,12,7,6,28,0.0
23.3,94,997.8,2026-07-12 02:00:00,47.7,35.9,332.0,0.0,14.1,79.0,4.3,,111,2,12,7,6,28,-1.0
23.3,96,997.3,2026-07-12 03:00:00,44.6,33.1,327.0,0.0,12.5,83.0,4.1,,111,3,12,7,6,28,0.0
23.2,96,996.8,2026-07-12 04:00:00,38.8,29.4,321.0,0.0,10.8,88.0,3.9,,110,4,12,7,6,28,-1.0
23.6,93,996.1,2026-07-12 05:00:00,29.6,28.7,322.0,0.0,21.5,49.0,4.5,,108,5,12,7,6,28,-2.0
23.8,92,996.4,2026-07-12 06:00:00,30.4,29.0,339.0,0.3,18.0,67.0,4.9,,107,6,12,7,6,28,-1.0
24.5,87,996.3,2026-07-12 07:00:00,32.7,29.0,364.0,0.8,13.0,93.0,5.5,,105,7,12,7,6,28,-2.0
25.0,84,996.8,2026-07-12 08:00:00,29.8,24.9,384.0,1.0,8.7,117.0,5.9,,104,8,12,7,6,28,-1.0
25.7,81,997.2,2026-07-12 09:00:00,29.3,24.3,396.0,0.8,5.8,139.0,5.9,,102,9,12,7,6,28,-2.0
27.0,74,997.5,2026-07-12 10:00:00,32.8,25.8,402.0,0.5,3.6,161.0,5.6,,100,10,12,7,6,28,-2.0
26.8,75,997.5,2026-07-12 11:00:00,43.2,29.6,401.0,0.2,2.1,174.0,5.3,,99,11,12,7,6,28,-1.0
28.4,68,997.4,2026-07-12 12:00:00,60.8,35.0,387.0,0.1,1.3,175.0,5.0,,98,12,12,7,6,28,-1.0
29.9,62,997.3,2026-07-12 13:00:00,65.0,35.4,365.0,0.1,1.2,168.0,4.8,,97,13,12,7,6,28,-1.0
31.0,58,997.2,2026-07-12 14:00:00,62.2,33.2,346.0,0.1,1.3,161.0,4.5,,99,14,12,7,6,28,2.0
31.8,55,996.9,2026-07-12 15:00:00,58.9,31.2,323.0,0.1,1.0,159.0,4.3,,119,15,12,7,6,28,20.0
31.5,54,996.6,2026-07-12 16:00:00,57.6,30.4,303.0,0.1,0.9,157.0,4.0,,133,16,12,7,6,28,14.0
31.4,52,996.9,2026-07-12 17:00:00,51.2,30.0,320.0,0.1,2.1,156.0,4.6,,142,17,12,7,6,28,9.0
28.0,72,997.2,2026-07-12 18:00:00,48.9,30.4,408.0,0.1,6.4,140.0,4.8,,145,18,12,7,6,28,3.0
27.4,78,997.4,2026-07-12 19:00:00,47.0,32.4,532.0,0.0,12.6,118.0,5.2,,141,19,12,7,6,28,-4.0
27.1,77,998.4,2026-07-12 20:00:00,51.0,37.6,621.0,0.0,18.5,98.0,5.6,,129,20,12,7,6,28,-12.0
26.6,74,998.9,2026-07-12 21:00:00,51.5,40.7,647.0,0.0,23.8,82.0,6.3,,113,21,12,7,6,28,-16.0
26.0,75,999.3,2026-07-12 22:00:00,53.8,44.2,637.0,0.0,28.8,68.0,7.1,,94,22,12,7,6,28,-19.0
26.4,75,999.1,2026-07-12 23:00:00,59.6,48.8,604.0,0.0,33.1,54.0,7.4,,95,23,12,7,6,28,1.0
25.7,79,998.8,2026-07-13 00:00:00,62.6,52.5,533.0,0.3,36.3,40.0,6.9,,95,0,13,7,0,29,0.0
25.8,80,998.6,2026-07-13 01:00:00,62.9,53.2,440.0,0.7,38.8,27.0,6.1,,97,1,13,7,0,29,2.0
25.6,80,998.4,2026-07-13 02:00:00,64.7,54.9,380.0,1.2,40.7,17.0,5.4,,98,2,13,7,0,29,1.0
25.4,81,998.2,2026-07-13 03:00:00,67.8,57.3,388.0,1.8,42.9,8.0,5.0,,99,3,13,7,0,29,1.0
25.0,84,998.0,2026-07-13 04:00:00,69.8,58.8,429.0,2.6,44.6,2.0,4.9,,102,4,13,7,0,29,3.0
26.2,77,997.8,2026-07-13 05:00:00,81.3,68.2,459.0,8.8,52.7,1.0,6.3,,105,5,13,7,0,29,3.0
26.3,77,997.9,2026-07-13 06:00:00,84.1,70.3,463.0,6.7,42.1,37.0,7.7,,109,6,13,7,0,29,4.0
27.8,72,997.9,2026-07-13 07:00:00,83.8,68.9,455.0,3.9,27.3,86.0,9.6,,113,7,13,7,0,29,4.0
29.4,65,998.0,2026-07-13 08:00:00,66.1,45.4,435.0,1.7,15.2,128.0,10.5,,117,8,13,7,0,29,4.0
31.1,58,998.1,2026-07-13 09:00:00,58.4,38.8,394.0,0.8,8.7,154.0,9.3,,119,9,13,7,0,29,2.0
32.3,53,997.8,2026-07-13 10:00:00,54.0,35.9,340.0,0.5,4.9,172.0,7.1,,121,10,13,7,0,29,2.0
33.3,49,997.9,2026-07-13 11:00:00,50.2,32.7,300.0,0.3,2.5,183.0,5.3,,122,11,13,7,0,29,1.0
34.3,47,997.3,2026-07-13 12:00:00,48.0,29.9,286.0,0.2,1.3,185.0,4.5,,122,12,13,7,0,29,0.0
34.4,44,997.1,2026-07-13 13:00:00,47.5,28.2,285.0,0.2,1.4,181.0,4.1,,122,13,13,7,0,29,0.0
33.5,50,997.4,2026-07-13 14:00:00,45.9,26.6,289.0,0.2,1.7,176.0,3.8,,121,14,13,7,0,29,-1.0
33.5,50,997.0,2026-07-13 15:00:00,44.8,25.8,286.0,0.2,1.3,176.0,3.6,,136,15,13,7,0,29,15.0
34.0,47,997.1,2026-07-13 16:00:00,43.2,25.0,288.0,0.2,1.2,175.0,3.6,,154,16,13,7,0,29,18.0
34.8,44,995.8,2026-07-13 17:00:00,35.5,20.6,317.0,0.2,2.8,165.0,3.3,,161,17,13,7,0,29,7.0
33.6,56,996.3,2026-07-13 18:00:00,36.2,22.4,398.0,0.1,7.9,148.0,3.7,,163,18,13,7,0,29,2.0
32.0,65,996.7,2026-07-13 19:00:00,39.8,29.2,505.0,0.1,15.0,124.0,4.3,,159,19,13,7,0,29,-4.0
30.9,65,997.2,2026-07-13 20:00:00,37.4,28.9,587.0,0.0,20.6,103.0,4.8,,149,20,13,7,0,29,-10.0
30.3,63,997.9,2026-07-13 21:00:00,34.8,27.6,618.0,0.0,22.8,89.0,5.1,,132,21,13,7,0,29,-17.0
29.8,62,998.1,2026-07-13 22:00:00,36.3,29.6,623.0,0.0,23.4,77.0,5.4,,115,22,13,7,0,29,-17.0
29.8,65,998.1,2026-07-13 23:00:00,37.4,31.4,624.0,0.0,24.5,67.0,5.6,,113,23,13,7,0,29,-2.0
29.2,68,998.1,2026-07-14 00:00:00,37.5,32.0,616.0,0.0,26.7,58.0,5.6,,111,0,14,7,1,29,-2.0
28.5,73,998.0,2026-07-14 01:00:00,38.6,33.3,604.0,0.0,29.4,49.0,5.6,,109,1,14,7,1,29,-2.0
28.4,72,998.0,2026-07-14 02:00:00,41.2,35.9,623.0,0.0,33.0,41.0,5.6,,107,2,14,7,1,29,-2.0
28.3,72,997.7,2026-07-14 03:00:00,46.4,40.7,722.0,0.0,39.8,27.0,5.6,,105,3,14,7,1,29,-2.0
25.5,73,999.2,2026-07-14 04:00:00,51.5,45.5,853.0,0.0,47.6,14.0,5.7,,104,4,14,7,1,29,-1.0
24.7,82,1000.1,2026-07-14 05:00:00,57.6,51.7,906.0,1.0,51.9,9.0,5.9,,102,5,14,7,1,29,-2.0
24.8,86,999.5,2026-07-14 06:00:00,56.5,51.1,808.0,1.5,42.5,35.0,6.8,,100,6,14,7,1,29,-2.0
25.9,82,1000.3,2026-07-14 07:00:00,48.8,43.8,634.0,2.1,29.5,71.0,7.9,,99,7,14,7,1,29,-1.0
28.1,69,1000.3,2026-07-14 08:00:00,41.4,33.5,494.0,2.4,18.4,108.0,8.6,,97,8,14,7,1,29,-2.0
30.4,61,1000.4,2026-07-14 09:00:00,39.2,30.2,440.0,1.9,11.4,145.0,8.4,,96,9,14,7,1,29,-1.0
31.8,56,1000.3,2026-07-14 10:00:00,38.3,29.0,422.0,1.0,6.5,182.0,7.7,,95,10,14,7,1,29,-1.0
33.0,50,1000.3,2026-07-14 11:00:00,37.0,27.5,399.0,0.3,3.1,207.0,6.9,,95,11,14,7,1,29,0.0
34.4,46,999.6,2026-07-14 12:00:00,36.6,26.4,351.0,0.1,1.6,213.0,6.2,,94,12,14,7,1,29,-1.0
35.3,43,999.0,2026-07-14 13:00:00,37.0,25.1,298.0,0.2,1.7,208.0,5.4,,94,13,14,7,1,29,0.0
35.7,41,998.4,2026-07-14 14:00:00,37.5,23.6,262.0,0.2,2.0,201.0,4.8,,115,14,14,7,1,29,21.0
35.8,41,997.9,2026-07-14 15:00:00,37.3,22.5,248.0,0.2,1.4,198.0,4.4,,150,15,14,7,1,29,35.0
35.8,41,997.6,2026-07-14 16:00:00,36.8,21.7,251.0,0.2,1.0,193.0,4.1,,171,16,14,7,1,29,21.0
35.0,42,997.5,2026-07-14 17:00:00,14.1,10.1,277.0,0.2,3.0,171.0,3.8,,184,17,14,7,1,29,13.0
33.7,51,997.5,2026-07-14 18:00:00,17.2,12.7,341.0,0.1,6.1,153.0,4.0,,188,18,14,7,1,29,4.0
31.9,54,998.1,2026-07-14 19:00:00,19.4,15.6,429.0,0.1,10.6,128.0,4.2,,184,19,14,7,1,29,-4.0
31.4,53,998.7,2026-07-14 20:00:00,22.3,18.0,501.0,0.0,15.1,105.0,4.4,,171,20,14,7,1,29,-13.0
31.0,54,999.5,2026-07-14 21:00:00,26.0,21.2,541.0,0.0,19.5,85.0,4.6,,154,21,14,7,1,29,-17.0
30.1,58,1000.0,2026-07-14 22:00:00,30.3,25.0,565.0,0.0,23.9,67.0,4.8,,129,22,14,7,1,29,-25.0
30.0,60,1000.0,2026-07-14 23:00:00,32.6,27.0,585.0,0.0,27.5,52.0,4.9,,101,23,14,7,1,29,-28.0
29.1,64,1000.0,2026-07-15 00:00:00,33.1,27.2,605.0,0.0,29.7,43.0,4.9,,88,0,15,7,2,29,-13.0
28.7,66,1000.2,2026-07-15 01:00:00,34.0,27.9,620.0,0.0,31.2,39.0,4.8,,88,1,15,7,2,29,0.0
28.3,68,1000.2,2026-07-15 02:00:00,35.4,29.3,632.0,0.0,33.2,33.0,4.6,,87,2,15,7,2,29,-1.0
27.9,71,1000.1,2026-07-15 03:00:00,37.0,31.0,641.0,0.0,37.7,21.0,4.2,,87,3,15,7,2,29,0.0
27.7,72,1000.3,2026-07-15 04:00:00,39.9,34.0,647.0,0.0,42.7,8.0,3.7,,86,4,15,7,2,29,-1.0
27.4,76,1000.6,2026-07-15 05:00:00,35.5,31.7,644.0,0.0,34.3,20.0,4.5,,85,5,15,7,2,29,-1.0
27.6,78,1000.9,2026-07-15 06:00:00,35.5,31.2,634.0,0.7,29.4,42.0,5.7,,84,6,15,7,2,29,-1.0
29.1,71,1001.3,2026-07-15 07:00:00,39.1,33.8,615.0,1.6,22.4,72.0,7.3,,82,7,15,7,2,29,-2.0
30.5,65,1001.8,2026-07-15 08:00:00,45.6,32.7,578.0,2.1,16.0,100.0,8.2,,81,8,15,7,2,29,-1.0
31.7,61,1001.7,2026-07-15 09:00:00,64.3,37.5,505.0,1.7,10.6,124.0,8.0,,81,9,15,7,2,29,0.0
33.4,54,1001.6,2026-07-15 10:00:00,83.1,44.8,413.0,0.9,5.7,146.0,7.1,,82,10,15,7,2,29,1.0
33.9,51,1001.8,2026-07-15 11:00:00,97.1,50.1,342.0,0.3,2.3,159.0,6.2,,83,11,15,7,2,29,1.0
34.9,48,1001.2,2026-07-15 12:00:00,105.5,53.1,309.0,0.1,1.0,159.0,5.5,,85,12,15,7,2,29,2.0
35.3,45,1000.6,2026-07-15 13:00:00,104.3,52.3,296.0,0.2,1.1,152.0,4.8,,87,13,15,7,2,29,2.0
35.6,43,1000.4,2026-07-15 14:00:00,100.4,50.2,289.0,0.2,1.4,145.0,4.3,,89,14,15,7,2,29,2.0
35.3,44,999.8,2026-07-15 15:00:00,104.1,52.2,277.0,0.2,1.1,145.0,4.0,,91,15,15,7,2,29,2.0
35.6,44,999.5,2026-07-15 16:00:00,93.1,46.9,271.0,0.2,1.0,145.0,3.9,,107,16,15,7,2,29,16.0
34.9,49,999.5,2026-07-15 17:00:00,88.0,44.5,285.0,0.2,2.6,141.0,3.8,,116,17,15,7,2,29,9.0
33.2,57,999.6,2026-07-15 18:00:00,87.3,46.9,337.0,0.1,6.6,126.0,4.0,,120,18,15,7,2,29,4.0
32.2,58,999.9,2026-07-15 19:00:00,71.5,45.3,409.0,0.1,12.3,104.0,4.2,,116,19,15,7,2,29,-4.0
31.4,59,1000.6,2026-07-15 20:00:00,80.6,50.8,469.0,0.0,17.7,84.0,4.4,,104,20,15,7,2,29,-12.0
30.9,58,1001.7,2026-07-15 21:00:00,87.3,55.6,499.0,0.0,22.4,68.0,4.7,,108,21,15,7,2,29,4.0
29.9,62,1002.2,2026-07-15 22:00:00,87.1,58.1,515.0,0.0,26.8,53.0,5.0,,111,22,15,7,2,29,3.0
29.8,64,1002.0,2026-07-15 23:00:00,83.1,57.9,536.0,0.0,30.3,40.0,5.1,,115,23,15,7,2,29,4.0
29.0,67,1002.0,2026-07-16 00:00:00,79.4,55.9,571.0,0.0,32.4,31.0,4.8,,118,0,16,7,3,29,3.0
28.6,70,1002.0,2026-07-16 01:00:00,73.6,53.9,610.0,0.0,33.5,24.0,4.3,,121,1,16,7,3,29,3.0
28.4,71,1002.0,2026-07-16 02:00:00,66.6,52.0,639.0,0.0,34.6,18.0,3.9,,124,2,16,7,3,29,3.0
28.1,73,1001.9,2026-07-16 03:00:00,61.9,50.8,653.0,0.3,36.7,9.0,3.4,,126,3,16,7,3,29,2.0
27.5,77,1002.1,2026-07-16 04:00:00,58.4,49.2,657.0,0.7,38.7,2.0,2.9,,128,4,16,7,3,29,2.0
27.9,75,1002.3,2026-07-16 05:00:00,56.9,49.8,655.0,0.7,38.0,5.0,3.4,,130,5,16,7,3,29,2.0
28.1,77,1002.7,2026-07-16 06:00:00,56.3,49.8,646.0,1.1,32.0,31.0,5.1,,132,6,16,7,3,29,2.0
29.5,71,1002.9,2026-07-16 07:00:00,59.8,51.1,631.0,1.7,23.4,69.0,7.5,,134,7,16,7,3,29,2.0
31.0,64,1003.1,2026-07-16 08:00:00,63.3,46.1,613.0,2.0,15.9,103.0,9.1,,135,8,16,7,3,29,1.0
32.2,60,1002.6,2026-07-16 09:00:00,73.3,46.9,599.0,1.6,10.3,131.0,9.1,,137,9,16,7,3,29,2.0
33.6,56,1002.3,2026-07-16 10:00:00,88.0,51.0,582.0,0.9,5.6,156.0,8.4,,138,10,16,7,3,29,1.0
34.2,52,1002.5,2026-07-16 11:00:00,102.2,55.6,551.0,0.3,2.4,172.0,7.6,,138,11,16,7,3,29,0.0
35.5,48,1001.7,2026-07-16 12:00:00,106.6,56.8,492.0,0.1,1.1,176.0,7.0,,139,12,16,7,3,29,1.0
36.3,46,1000.9,2026-07-16 13:00:00,105.0,55.5,417.0,0.2,1.2,171.0,6.3,,139,13,16,7,3,29,0.0
36.9,44,1000.1,2026-07-16 14:00:00,101.7,53.8,355.0,0.2,1.6,165.0,5.7,,140,14,16,7,3,29,1.0
37.4,42,999.3,2026-07-16 15:00:00,97.3,51.3,302.0,0.2,1.1,163.0,5.3,,140,15,16,7,3,29,0.0
37.5,41,998.9,2026-07-16 16:00:00,94.5,49.9,260.0,0.2,0.9,160.0,5.0,,140,16,16,7,3,29,0.0
37.3,43,998.6,2026-07-16 17:00:00,67.3,35.9,267.0,0.2,2.6,144.0,4.4,,142,17,16,7,3,29,2.0
35.3,58,998.5,2026-07-16 18:00:00,66.8,37.6,368.0,0.1,9.5,125.0,4.7,,145,18,16,7,3,29,3.0
33.1,67,998.6,2026-07-16 19:00:00,67.1,42.3,518.0,0.1,19.2,97.0,5.2,,138,19,16,7,3,29,-7.0
31.8,67,998.7,2026-07-16 20:00:00,67.8,46.4,615.0,0.0,27.4,73.0,5.5,,138,20,16,7,3,29,0.0
31.1,64,999.0,2026-07-16 21:00:00,67.1,48.4,605.0,0.0,32.6,55.0,5.7,,138,21,16,7,3,29,0.0
31.2,62,999.3,2026-07-16 22:00:00,70.1,51.7,542.0,0.0,36.3,40.0,5.7,,137,22,16,7,3,29,-1.0
31.3,63,998.9,2026-07-16 23:00:00,70.5,53.0,492.0,0.0,38.5,29.0,5.6,,136,23,16,7,3,29,-1.0
30.7,64,998.5,2026-07-17 00:00:00,68.0,51.5,481.0,0.0,38.7,23.0,5.2,,136,0,17,7,4,29,0.0
30.2,65,998.3,2026-07-17 01:00:00,65.2,49.5,483.0,0.0,37.4,20.0,4.6,,135,1,17,7,4,29,-1.0
29.6,67,998.2,2026-07-17 02:00:00,63.1,47.6,479.0,0.0,36.4,18.0,4.2,,135,2,17,7,4,29,0.0
28.9,72,998.2,2026-07-17 03:00:00,61.9,46.3,457.0,0.2,37.0,13.0,3.9,,134,3,17,7,4,29,-1.0
28.5,75,998.5,2026-07-17 04:00:00,60.8,45.4,430.0,0.6,38.0,8.0,3.6,,134,4,17,7,4,29,0.0
29.1,71,998.9,2026-07-17 05:00:00,61.5,46.7,419.0,1.8,38.5,12.0,3.9,,133,5,17,7,4,29,-1.0
28.9,74,999.7,2026-07-17 06:00:00,61.0,46.4,444.0,2.6,34.6,29.0,4.8,,133,6,17,7,4,29,0.0
30.4,72,1000.3,2026-07-17 07:00:00,68.0,48.1,485.0,3.7,29.1,55.0,5.9,,133,7,17,7,4,29,0.0
32.2,65,1000.8,2026-07-17 08:00:00,78.5,49.9,498.0,4.1,23.0,82.0,6.8,,132,8,17,7,4,29,-1.0
33.9,57,1000.9,2026-07-17 09:00:00,91.5,51.6,458.0,3.1,16.1,114.0,7.1,,133,9,17,7,4,29,1.0
35.3,51,1000.7,2026-07-17 10:00:00,96.6,52.2,390.0,1.5,8.7,148.0,7.0,,133,10,17,7,4,29,0.0
36.1,45,1000.8,2026-07-17 11:00:00,95.9,50.1,330.0,0.3,3.3,170.0,6.8,,133,11,17,7,4,29,0.0
37.0,42,1000.3,2026-07-17 12:00:00,90.8,46.4,287.0,0.0,1.2,172.0,6.3,,133,12,17,7,4,29,0.0
37.6,41,999.6,2026-07-17 13:00:00,86.4,44.1,251.0,0.1,1.1,163.0,5.6,,132,13,17,7,4,29,-1.0
38.3,39,998.6,2026-07-17 14:00:00,82.7,42.4,230.0,0.2,1.4,154.0,5.1,,131,14,17,7,4,29,-1.0
38.5,38,997.9,2026-07-17 15:00:00,80.8,41.7,228.0,0.2,0.8,151.0,4.8,,129,15,17,7,4,29,-2.0
38.2,39,997.4,2026-07-17 16:00:00,79.4,41.2,241.0,0.2,0.5,149.0,4.7,,128,16,17,7,4,29,-1.0
37.2,46,996.9,2026-07-17 17:00:00,76.6,40.4,268.0,0.2,2.7,141.0,4.8,,128,17,17,7,4,29,0.0
35.2,55,996.5,2026-07-17 18:00:00,71.7,41.7,320.0,0.1,9.4,123.0,5.2,,132,18,17,7,4,29,4.0
33.7,56,996.7,2026-07-17 19:00:00,66.6,43.7,385.0,0.1,18.6,100.0,5.8,,128,19,17,7,4,29,-4.0
32.9,57,997.0,2026-07-17 20:00:00,65.7,47.0,424.0,0.0,25.9,80.0,6.2,,129,20,17,7,4,29,1.0
32.2,61,997.7,2026-07-17 21:00:00,63.8,47.8,407.0,0.0,29.6,65.0,6.4,,129,21,17,7,4,29,0.0
32.0,61,998.1,2026-07-17 22:00:00,64.0,49.0,364.0,0.0,31.5,53.0,6.4,,129,22,17,7,4,29,0.0
31.8,60,998.4,2026-07-17 23:00:00,63.8,49.5,339.0,0.0,32.2,43.0,6.3,,128,23,17,7,4,29,-1.0
